{"id":"0klKL6o1sWBe9fodzoXXk1","name":"Cleanse_Phonenumber","description":null,"documentType":"CLEANSE","repoInfo":{"repoPath":"","repoHandle":"0klKL6o1sWBe9fodzoXXk1"},"docRef":null,"customAttributes":{"stringAttrs":[{"name":"ReferencedPublishingAllowed","value":"true"},{"name":"DIMENSION","value":"CONSISTENCY"}]},"nativeData":{"id":"0klKL6o1sWBe9fodzoXXk1","documentBlob":"{\"id\":\"0klKL6o1sWBe9fodzoXXk1\",\"name\":\"Cleanse_Phonenumber\",\"inputs\":[{\"id\":1,\"precision\":255,\"scale\":0,\"type\":\"string\",\"name\":\"Cleanse\"}],\"outputs\":[{\"id\":2,\"precision\":255,\"scale\":0,\"type\":\"string\",\"name\":\"Cleanse_Cleansed\"}],\"fieldTestData\":[{\"cleanseFieldId\":1,\"testData\":[\"Tel:+81 3 1234-5678\",\"Ph: Tel:+81 3 1234-5678\"]}],\"instances\":[{\"id\":3,\"name\":\"Instance1\",\"inputs\":[1],\"outputs\":[2],\"steps\":[{\"id\":182,\"name\":\"CLEANSE_REMOVE_CONTENT\",\"strategyType\":\"StandardizeStrategy\",\"strategySubType\":\"CLEANSE_REMOVE_CONTENT\",\"description\":\"CLEANSE_CUSTOM_STRINGS\",\"delimiterList\":[],\"operations\":[{\"operationType\":\"SDOpRemoveCustomStrings\",\"scope\":\"0\",\"customStringList\":[\"Tel:\",\"Ph: \"]}],\"removeMultipleSpaces\":false,\"trim\":false}]}]}"}}