{"id":"keqvXX7gyYIiAQVewrkXCf","name":"Cleanse_Country_city","description":null,"documentType":"CLEANSE","repoInfo":{"repoPath":"","repoHandle":"keqvXX7gyYIiAQVewrkXCf"},"docRef":null,"customAttributes":{"stringAttrs":[{"name":"ReferencedPublishingAllowed","value":"true"},{"name":"DIMENSION","value":"CONSISTENCY"}]},"nativeData":{"id":"keqvXX7gyYIiAQVewrkXCf","documentBlob":"{\"id\":\"keqvXX7gyYIiAQVewrkXCf\",\"name\":\"Cleanse_Country_city\",\"inputs\":[{\"id\":1,\"precision\":255,\"scale\":0,\"type\":\"string\",\"name\":\"Cleanse1\"}],\"outputs\":[{\"id\":2,\"precision\":255,\"scale\":0,\"type\":\"string\",\"name\":\"Cleanse1_Cleansed\"}],\"fieldTestData\":[{\"cleanseFieldId\":1,\"testData\":[\"USA\"]}],\"instances\":[{\"id\":3,\"name\":\"Instance1\",\"inputs\":[1],\"outputs\":[2],\"steps\":[{\"id\":3135,\"name\":\"CLEANSE_REPLACE_CONTENT\",\"strategyType\":\"StandardizeStrategy\",\"strategySubType\":\"CLEANSE_REPLACE_CONTENT\",\"description\":\"Dictionary_country_city\",\"delimiterList\":[\" \"],\"operations\":[{\"operationType\":\"SDOpReplaceRefMatchValidValue\",\"scope\":\"0\",\"caseSensitive\":false,\"dictionary\":{\"name\":\"Dictionary_country_city\",\"frsId\":\"0NnlkYHPIuOj6znCKBa6UB\"}}],\"removeMultipleSpaces\":false,\"trim\":false}]}]}"}}