{"doc":{"id":"0NnlkYHPIuOj6znCKBa6UB","name":"Dictionary_country_city","description":"","documentType":"DICTIONARY","repoInfo":{"repoPath":"","repoHandle":"0NnlkYHPIuOj6znCKBa6UB"},"docRef":null,"customAttributes":{"stringAttrs":[{"name":"ReferencedPublishingAllowed","value":"true"}]},"nativeData":{"id":"0NnlkYHPIuOj6znCKBa6UB","documentBlob":"{\"name\":\"\",\"defaultValueLiteral\":\"\",\"description\":\"\",\"readRelationalDSO\":{\"relationalFields\":[{\"name\":\"Column 1\",\"odbcPrecision\":512,\"label\":\"Column 1\"},{\"name\":\"Column 2\",\"odbcPrecision\":512,\"label\":\"Column 2\"},{\"name\":\"Column 3\",\"odbcPrecision\":512,\"label\":\"Column 3\"},{\"name\":\"Column 4\",\"odbcPrecision\":512,\"label\":\"Column 4\"},{\"name\":\"Column 5\",\"odbcPrecision\":512,\"label\":\"Column 5\"}]},\"tags\": []}"}},"data":"{\"cols\":[\"unique_row_identifier\",\"Column 1\",\"Column 2\",\"Column 3\",\"Column 4\",\"Column 5\"],\"rows\":[[0,\"United States\",\"USA\",\"US\",\"\",\"\"],[1,\"Japan\",\"\",\"\",\"\",\"\"],[2,\"France\",\"\",\"\",\"\",\"\"],[3,\"Italy\",\"\",\"\",\"\",\"\"]]}"}