{"id":"5ad06949-15d9-4e61-b6ee-d586c6417984","profileKey":51,"version":3,"name":"Step2_Profile_storereviews","orgId":"2e1sjez1SUqgBZNbyg9K8m","description":null,"frsId":"c7aBAgHgX0nbyvyatpvtCF","frsProjectId":"dj5RHpIZjuikdD5PpVz76Q","connectionId":"6TKZAyfSO8Yew3XGrxxAYU","createdBy":"g8YpaIKIhwbgDr9snTLRAM","createdByName":"mail2shivatalari@gmail.com","createTime":1741159001319,"updatedBy":"g8YpaIKIhwbgDr9snTLRAM","updatedByName":"mail2shivatalari@gmail.com","updateTime":1741421012486,"lastRunKey":2,"isFilterEnabled":false,"runtimeOptions":{"id":"9397bddc-e471-4da5-8c43-0acc264cb97a","scheduleId":null,"runtimeEnvironmentId":null,"defaultEmailNotification":true,"profileAdvProps":{"maxTopN":null,"maxPatterns":null,"maxPatternThresholdPercent":null,"maxRanks":null,"inferDateTime":true,"detectOutliers":true,"enableClaireAnomalyDetection":true,"maxColumnsPerMapping":null,"minNoOfRowsForSplitMapping":null,"maxMemory":null,"maxPercentMemory":null,"defaultBufferBlockSize":null,"dtmBufferSize":null,"lineSequentialBufferLength":null,"stopOnErrors":null,"tracingLevel":"NORMAL"}},"source":{"id":"764d4c25-73ba-4385-80bf-89e5c04ec8e2","name":"STG_FOODREVIEWS","fields":[{"id":"1e2468df-560f-4bae-b009-2e4c604a5cf8","name":"CONTACT_NUMBER","dataType":"varchar","precision":4000,"scale":0,"pcType":"NSTRING","order":11,"isDeleted":false,"isMetadataUpdated":false},{"id":"c9322683-54c7-4319-a835-d1445c60d351","name":"PINCODE","dataType":"varchar","precision":4000,"scale":0,"pcType":"NSTRING","order":2,"isDeleted":false,"isMetadataUpdated":false},{"id":"6e1ac94c-fb1f-4bfb-9b9d-8338662ef7f1","name":"ADDR_LINE1","dataType":"varchar","precision":4000,"scale":0,"pcType":"NSTRING","order":1,"isDeleted":false,"isMetadataUpdated":false},{"id":"328ae62c-97bf-40bf-b870-54be90059ad9","name":"LANGUAGE","dataType":"varchar","precision":4000,"scale":0,"pcType":"NSTRING","order":10,"isDeleted":false,"isMetadataUpdated":false},{"id":"5f9578f0-736d-4de9-ac5c-1b496ccf85e3","name":"CITY","dataType":"varchar","precision":4000,"scale":0,"pcType":"NSTRING","order":3,"isDeleted":false,"isMetadataUpdated":false},{"id":"33ff8171-df2f-4361-ac6d-711f330caedb","name":"REVIEW","dataType":"varchar","precision":4000,"scale":0,"pcType":"NSTRING","order":9,"isDeleted":false,"isMetadataUpdated":false},{"id":"5dc335ed-f483-4ffd-96e5-6a7071505242","name":"STOREID","dataType":"varchar","precision":4000,"scale":0,"pcType":"NSTRING","order":0,"isDeleted":false,"isMetadataUpdated":false},{"id":"bf2c08b3-b26e-4b54-a049-752921b48dd7","name":"REVIWERID","dataType":"varchar","precision":4000,"scale":0,"pcType":"NSTRING","order":7,"isDeleted":false,"isMetadataUpdated":false},{"id":"d107786b-b983-4aeb-a88e-04b342beb427","name":"RESTAURANT","dataType":"varchar","precision":4000,"scale":0,"pcType":"NSTRING","order":6,"isDeleted":false,"isMetadataUpdated":false},{"id":"2da551db-e51e-44ba-be20-e0dd5710007e","name":"REVIEWEREMAIL","dataType":"varchar","precision":4000,"scale":0,"pcType":"NSTRING","order":8,"isDeleted":false,"isMetadataUpdated":false},{"id":"ef672b83-2d9c-4751-811b-978ca3b7ca47","name":"COUNTRY","dataType":"varchar","precision":4000,"scale":0,"pcType":"NSTRING","order":4,"isDeleted":false,"isMetadataUpdated":false},{"id":"29c77aeb-ddea-4f9f-8483-58ddc5a024bb","name":"CUISINETYPE","dataType":"varchar","precision":4000,"scale":0,"pcType":"NSTRING","order":5,"isDeleted":false,"isMetadataUpdated":false}],"rules":[{"name":"Cleanse_Phonenumber","description":null,"id":"8c7a5f91-fb6a-4a2f-8aa7-b5afe16402cf","frsId":"0klKL6o1sWBe9fodzoXXk1","inFields":[{"id":"8a2f6cf8-00f5-4943-8648-98807c6259b1","name":"Cleanse","label":null,"dataType":"string","precision":255,"scale":0,"isDeleted":false}],"outFields":[{"id":"d188d315-c28e-4269-8d27-2998b0f0bb38","name":"Cleanse_Cleansed","label":null,"dataType":"string","precision":255,"scale":0,"isDeleted":false}],"isDeleted":false,"ruleType":"CLEANSE"},{"name":"Validate_EmailAddress","description":"The rule spec validates whether the input is a EmailAddress","id":"58a355d6-aa4e-4373-a4d3-4771c8e83438","frsId":"gKKbTmYqxABhzCGkWFvPyI","inFields":[{"id":"0f211600-2be8-4b10-954c-8173e535637f","name":"Input_Email_Address","label":null,"dataType":"string","precision":100,"scale":0,"isDeleted":false}],"outFields":[{"id":"70ca68ec-6dfa-4308-a7f2-46924e142585","name":"EmailAddress","label":null,"dataType":"string","precision":100,"scale":0,"isDeleted":false}],"isDeleted":false,"ruleType":"RULE_SPECIFICATION"},{"name":"Cleanse_Country_city","description":null,"id":"36a5e0b9-a5ee-4ec6-92de-73ddd1ce63d1","frsId":"keqvXX7gyYIiAQVewrkXCf","inFields":[{"id":"49d64db4-1cb8-4592-b713-31bc4bd6077f","name":"Cleanse1","label":null,"dataType":"string","precision":255,"scale":0,"isDeleted":false}],"outFields":[{"id":"33ac52e3-4560-4d01-8824-bf8203d47435","name":"Cleanse1_Cleansed","label":null,"dataType":"string","precision":255,"scale":0,"isDeleted":false}],"isDeleted":false,"ruleType":"CLEANSE"}],"dataSourceType":"TOOLKIT_CCI","instanceType":"Snowflake Cloud Data Warehouse V2","connectionType":"TOOLKIT_CCI","properties":{"dataSourceType":"TOOLKIT_CCI","sourcePath":"SNOWFLAKE_DEMO/DEMO_DATASET"},"advancedOptions":{"Database":"","Role":"","Schema":"","Table Name":"","Warehouse":""},"sourceType":"DATASOURCE"},"profileableFields":[{"id":"cf96662a-6236-440e-b874-8c3e9a48f0a1","isDeleted":false,"appliedBy":"USER","columnKey":10011,"sourceName":"STG_FOODREVIEWS","fieldName":"RESTAURANT","fieldType":"DATASOURCEFIELD"},{"id":"6c0c3f9e-ce3f-4c8e-99c6-e11afc4ce210","isDeleted":false,"appliedBy":"USER","columnKey":10006,"sourceName":"STG_FOODREVIEWS","fieldName":"REVIEW","fieldType":"DATASOURCEFIELD"},{"id":"c00f738e-52c4-4582-9706-974e46a1616d","isDeleted":false,"appliedBy":"USER","columnKey":10012,"sourceName":"STG_FOODREVIEWS","fieldName":"CITY","fieldType":"DATASOURCEFIELD"},{"id":"5b8a54a9-53f1-48b6-83a0-04895335de80","isDeleted":false,"appliedBy":"USER","columnKey":10008,"sourceName":"STG_FOODREVIEWS","fieldName":"REVIWERID","fieldType":"DATASOURCEFIELD"},{"id":"48708212-1920-4242-abd3-ca7e41770898","isDeleted":false,"appliedBy":"USER","columnKey":10002,"sourceName":"STG_FOODREVIEWS","fieldName":"LANGUAGE","fieldType":"DATASOURCEFIELD"},{"id":"c8387258-fb71-433f-be7b-7be02eb02dfb","isDeleted":false,"appliedBy":"USER","columnKey":10007,"sourceName":"STG_FOODREVIEWS","fieldName":"ADDR_LINE1","fieldType":"DATASOURCEFIELD"},{"id":"58a355d6-aa4e-4373-a4d3-4771c8e83438","isDeleted":false,"appliedBy":"USER","frsId":"gKKbTmYqxABhzCGkWFvPyI","scoreCardId":null,"assignmentIdentifier":"c52b541c476342b1a20991a410c1131d","inputFieldMappings":[{"id":"2c9c20cf-c4be-402b-8182-2cf538374f97","dataSourceFieldName":"REVIEWEREMAIL","inFieldName":"Input_Email_Address","isDeleted":false}],"outputFieldMappings":[{"id":"bfea0b71-4d8d-434f-a6aa-ef9aa51fd501","columnKey":40003,"datatype":"string","outFieldName":"EmailAddress","label":null,"isDeleted":false}],"ruleType":"RULE_SPECIFICATION","fieldType":"MAPPLETFIELD"},{"id":"8c7a5f91-fb6a-4a2f-8aa7-b5afe16402cf","isDeleted":false,"appliedBy":"USER","frsId":"0klKL6o1sWBe9fodzoXXk1","scoreCardId":null,"assignmentIdentifier":"285e48a6ee334874b4e667a50604946b","inputFieldMappings":[{"id":"ef6e75d1-1082-4f32-bdb8-a23e1dcdfdbc","dataSourceFieldName":"CONTACT_NUMBER","inFieldName":"Cleanse","isDeleted":false}],"outputFieldMappings":[{"id":"96e2f63a-fdc7-423f-9f01-2216def2f7ee","columnKey":40002,"datatype":"string","outFieldName":"Cleanse_Cleansed","label":null,"isDeleted":false}],"ruleType":"CLEANSE","fieldType":"MAPPLETFIELD"},{"id":"4b0e3ec9-2bb6-4e59-b502-2e97d2ba48aa","isDeleted":false,"appliedBy":"USER","columnKey":10010,"sourceName":"STG_FOODREVIEWS","fieldName":"COUNTRY","fieldType":"DATASOURCEFIELD"},{"id":"ef8ffa69-3b42-469f-9708-78fb012c1215","isDeleted":false,"appliedBy":"USER","columnKey":10009,"sourceName":"STG_FOODREVIEWS","fieldName":"CONTACT_NUMBER","fieldType":"DATASOURCEFIELD"},{"id":"4e5e0a28-e44a-4103-a5ab-e2d015404547","isDeleted":false,"appliedBy":"USER","columnKey":10003,"sourceName":"STG_FOODREVIEWS","fieldName":"PINCODE","fieldType":"DATASOURCEFIELD"},{"id":"64932b2f-2bda-4844-8d13-2c500bfa69b4","isDeleted":false,"appliedBy":"USER","columnKey":10001,"sourceName":"STG_FOODREVIEWS","fieldName":"CUISINETYPE","fieldType":"DATASOURCEFIELD"},{"id":"284d0355-aba2-417e-82d5-6036b49ba7db","isDeleted":false,"appliedBy":"USER","columnKey":10005,"sourceName":"STG_FOODREVIEWS","fieldName":"STOREID","fieldType":"DATASOURCEFIELD"},{"id":"36a5e0b9-a5ee-4ec6-92de-73ddd1ce63d1","isDeleted":false,"appliedBy":"USER","frsId":"keqvXX7gyYIiAQVewrkXCf","scoreCardId":null,"assignmentIdentifier":"c9b8ddbb706245b5b16ec729496ac710","inputFieldMappings":[{"id":"0c5c786b-3d20-4fe6-a992-a7c9d731ec04","dataSourceFieldName":"COUNTRY","inFieldName":"Cleanse1","isDeleted":false}],"outputFieldMappings":[{"id":"8386a52e-e7e1-459e-a315-3a403b6930e0","columnKey":40001,"datatype":"string","outFieldName":"Cleanse1_Cleansed","label":null,"isDeleted":false}],"ruleType":"CLEANSE","fieldType":"MAPPLETFIELD"},{"id":"ac0bb787-d1f7-4176-a16a-9b243f1c3fbc","isDeleted":false,"appliedBy":"USER","columnKey":10004,"sourceName":"STG_FOODREVIEWS","fieldName":"REVIEWEREMAIL","fieldType":"DATASOURCEFIELD"}],"samplingOptions":{"id":null,"rows":-1,"samplingType":"ALL_ROWS"},"drillDownType":"ON","profileType":"COLUMN_PROFILE"}