<aetgt:getResponse xmlns:aetgt="http://schemas.active-endpoints.com/appmodules/repository/2010/10/avrepository.xsd"
                   xmlns:types1="http://schemas.active-endpoints.com/appmodules/repository/2010/10/avrepository.xsd">
   <types1:Item>
      <types1:EntryId>bcm6S6fPAreFRqX-gt-234766-2025-03-08T08:08:02.11Z::tf.xml</types1:EntryId>
      <types1:Name>Tsk_foodreview_analysis</types1:Name>
      <types1:MimeType>application/xml+taskflow</types1:MimeType>
      <types1:Description/>
      <types1:AppliesTo/>
      <types1:Tags/>
      <types1:VersionLabel>1.0</types1:VersionLabel>
      <types1:State>CURRENT</types1:State>
      <types1:ProcessGroup/>
      <types1:CreatedBy>mail2shivatalari@gmail.com</types1:CreatedBy>
      <types1:CreationDate>2025-03-08T08:08:02Z</types1:CreationDate>
      <types1:ModifiedBy>mail2shivatalari@gmail.com</types1:ModifiedBy>
      <types1:ModificationDate>2025-03-08T11:03:54Z</types1:ModificationDate>
      <types1:PublicationStatus>unpublished</types1:PublicationStatus>
      <types1:Entry>
         <taskflow xmlns="http://schemas.active-endpoints.com/appmodules/screenflow/2010/10/avosScreenflow.xsd"
                   xmlns:tfm="http://schemas.active-endpoints.com/appmodules/screenflow/2021/04/taskflowModel.xsd"
                   xmlns:list="urn:activevos:spi:list:functions"
                   displayName="Tsk_foodreview_analysis"
                   name="Tsk_foodreview_analysis"
                   overrideAPIName="false">
            <parameterSet xmlns="http://schemas.active-endpoints.com/appmodules/screenflow/2021/04/taskflowModel.xsd"/>
            <appliesTo/>
            <description/>
            <tags/>
            <generator>Informatica Process Designer 11</generator>
            <tempFields>
               <field description="" name="File_Ingestion" type="reference">
                  <options>
                     <option name="referenceTo">$po:Step1-tsk-sf-food-reviews-ewfJaNviNcVgEoSlo56I6S</option>
                  </options>
               </field>
               <field description="" name="dt_standardize_reviewdetail" type="reference">
                  <options>
                     <option name="failOnNotRun">false</option>
                     <option name="failOnFault">false</option>
                     <option name="referenceTo">$po:Step3-mt-standardize-reviewdetail-9KliTDAYkv5jVcjinGgIeT</option>
                  </options>
               </field>
               <field description="" name="dt_review_analysis" type="reference">
                  <options>
                     <option name="failOnNotRun">false</option>
                     <option name="failOnFault">false</option>
                     <option name="referenceTo">$po:Step4-mt-review-analysis-0wFbslIUy4fbEyanF0peAq</option>
                  </options>
               </field>
               <field description="" name="dt_review_summary" type="reference">
                  <options>
                     <option name="failOnNotRun">false</option>
                     <option name="failOnFault">false</option>
                     <option name="referenceTo">$po:Step5-mt-review-summary-2Nx96HM3sLCciGWQepATYW</option>
                  </options>
               </field>
               <field description="" name="dt_final_datacontent" type="reference">
                  <options>
                     <option name="failOnNotRun">false</option>
                     <option name="failOnFault">false</option>
                     <option name="referenceTo">$po:Step6-mt-final-datacontent-4xWcS5MEGEsdrWqx201Ree</option>
                  </options>
               </field>
            </tempFields>
            <notes/>
            <deployment skipIfRunning="false" suspendOnFault="false" tracingLevel="verbose">
               <rest/>
            </deployment>
            <extData>
               <nvpair name="treatEmptyStringAsNotNull">false</nvpair>
               <nvpair name="treatEmptyObjectListAsArray">false</nvpair>
            </extData>
            <flow id="a">
               <start id="b">
                  <link id="m7zwxj1t" targetId="m7zwxj20"/>
               </start>
               <eventContainer id="m7zwxj20">
                  <service id="m7zwxj1s">
                     <title>File_Ingestion</title>
                     <serviceName>DIExecuteServiceTaskIngestionTaskImpl</serviceName>
                     <serviceGUID/>
                     <serviceInput>
                        <parameter name="Wait for Task to Complete" source="constant" updatable="true">true</parameter>
                        <parameter name="Max Wait" source="constant" updatable="true">604800</parameter>
                        <parameter name="Task Name" source="constant" updatable="true">Step1_tsk_sf_food_reviews</parameter>
                        <parameter name="GUID" source="constant" updatable="true">ewfJaNviNcVgEoSlo56I6S</parameter>
                        <parameter name="Task Type" source="constant" updatable="true">MI_TASK</parameter>
                        <parameter name="serviceProviderId" source="constant" updatable="true">filelistener</parameter>
                        <parameter name="serviceProviderContextPath"
                                   source="constant"
                                   updatable="true">mitask/</parameter>
                        <parameter name="taskField" source="nested">
                           <operation source="field" to="Step1-tsk-sf-food-reviews-ewfJaNviNcVgEoSlo56I6S">temp.File_Ingestion</operation>
                           <operation source="constant"
                                      to="Step1-tsk-sf-food-reviews-ewfJaNviNcVgEoSlo56I6S/input[1]/CATEGORYGeneral[1]/sourceConnectionType">local</operation>
                           <operation source="constant"
                                      to="Step1-tsk-sf-food-reviews-ewfJaNviNcVgEoSlo56I6S/input[1]/CATEGORYGeneral[1]/targetConnectionType">SnowflakeCloudDataWarehouseV2</operation>
                           <operation source="constant"
                                      to="Step1-tsk-sf-food-reviews-ewfJaNviNcVgEoSlo56I6S/input[1]/CATEGORYGeneral[1]/maxFileLimit">0</operation>
                        </parameter>
                     </serviceInput>
                     <serviceOutput>
                        <operation source="field" to="temp.File_Ingestion/output/successFiles">successFiles</operation>
                        <operation source="field" to="temp.File_Ingestion/output/failedFiles">failedFiles</operation>
                        <operation source="field" to="temp.File_Ingestion/output/fileDetails">fileDetails</operation>
                     </serviceOutput>
                  </service>
                  <link id="m7zwxj2v" targetId="m7zwxj2u"/>
                  <events>
                     <catch faultField="temp.File_Ingestion/fault"
                            id="m7zwxj1z"
                            interrupting="true"
                            name="error">
                        <suspend/>
                     </catch>
                  </events>
               </eventContainer>
               <container id="m7zwxj2u" type="exclusive">
                  <title>Execution_status</title>
                  <flow id="m7zwxj2y">
                     <eventContainer id="m7zwxj49">
                        <service id="m7zwxj3m">
                           <title>dt_standardize_reviewdetail</title>
                           <serviceName>ICSExecuteDataTask</serviceName>
                           <serviceGUID/>
                           <serviceInput>
                              <parameter name="Wait for Task to Complete" source="constant" updatable="true">true</parameter>
                              <parameter name="Max Wait" source="constant" updatable="true">604800</parameter>
                              <parameter name="Task Name" source="constant" updatable="true">Step3_mt_standardize_reviewdetail</parameter>
                              <parameter name="GUID" source="constant" updatable="true">9KliTDAYkv5jVcjinGgIeT</parameter>
                              <parameter name="Task Type" source="constant" updatable="true">MCT</parameter>
                              <parameter name="Has Inout Parameters" source="constant" updatable="true">false</parameter>
                              <parameter name="taskField" source="nested">
                                 <operation source="field"
                                            to="Step3-mt-standardize-reviewdetail-9KliTDAYkv5jVcjinGgIeT">temp.dt_standardize_reviewdetail</operation>
                              </parameter>
                           </serviceInput>
                           <serviceOutput>
                              <operation source="field" to="temp.dt_standardize_reviewdetail/output/Object_Name">Object Name</operation>
                              <operation source="field" to="temp.dt_standardize_reviewdetail/output/Run_Id">Run Id</operation>
                              <operation source="field" to="temp.dt_standardize_reviewdetail/output/Log_Id">Log Id</operation>
                              <operation source="field" to="temp.dt_standardize_reviewdetail/output/Task_Id">Task Id</operation>
                              <operation source="field" to="temp.dt_standardize_reviewdetail/output/Task_Status">Task Status</operation>
                              <operation source="field"
                                         to="temp.dt_standardize_reviewdetail/output/Success_Source_Rows">Success Source Rows</operation>
                              <operation source="field"
                                         to="temp.dt_standardize_reviewdetail/output/Failed_Source_Rows">Failed Source Rows</operation>
                              <operation source="field"
                                         to="temp.dt_standardize_reviewdetail/output/Success_Target_Rows">Success Target Rows</operation>
                              <operation source="field"
                                         to="temp.dt_standardize_reviewdetail/output/Failed_Target_Rows">Failed Target Rows</operation>
                              <operation source="field" to="temp.dt_standardize_reviewdetail/output/Start_Time">Start Time</operation>
                              <operation source="field" to="temp.dt_standardize_reviewdetail/output/End_Time">End Time</operation>
                              <operation source="field"
                                         to="temp.dt_standardize_reviewdetail/output/Error_Message">Error Message</operation>
                              <operation source="field"
                                         to="temp.dt_standardize_reviewdetail/output/TotalTransErrors">Total Transformation Errors</operation>
                              <operation source="field"
                                         to="temp.dt_standardize_reviewdetail/output/FirstErrorCode">First Error Code</operation>
                           </serviceOutput>
                        </service>
                        <link id="m7zwxj61" targetId="m7zwxj66"/>
                        <events>
                           <catch faultField="temp.dt_standardize_reviewdetail/fault"
                                  id="m7zwxj47"
                                  interrupting="true"
                                  name="error">
                              <suspend/>
                           </catch>
                           <catch faultField="temp.dt_standardize_reviewdetail/fault"
                                  id="m7zwxj48"
                                  interrupting="true"
                                  name="warning"/>
                        </events>
                     </eventContainer>
                     <eventContainer id="m7zwxj66">
                        <service id="m7zwxj60">
                           <title>dt_review_analysis</title>
                           <serviceName>ICSExecuteDataTask</serviceName>
                           <serviceGUID/>
                           <serviceInput>
                              <parameter name="Wait for Task to Complete" source="constant" updatable="true">true</parameter>
                              <parameter name="Max Wait" source="constant" updatable="true">604800</parameter>
                              <parameter name="Task Name" source="constant" updatable="true">Step4_mt_review_analysis</parameter>
                              <parameter name="GUID" source="constant" updatable="true">0wFbslIUy4fbEyanF0peAq</parameter>
                              <parameter name="Task Type" source="constant" updatable="true">MCT</parameter>
                              <parameter name="Has Inout Parameters" source="constant" updatable="true">false</parameter>
                              <parameter name="taskField" source="nested">
                                 <operation source="field" to="Step4-mt-review-analysis-0wFbslIUy4fbEyanF0peAq">temp.dt_review_analysis</operation>
                              </parameter>
                           </serviceInput>
                           <serviceOutput>
                              <operation source="field" to="temp.dt_review_analysis/output/Object_Name">Object Name</operation>
                              <operation source="field" to="temp.dt_review_analysis/output/Run_Id">Run Id</operation>
                              <operation source="field" to="temp.dt_review_analysis/output/Log_Id">Log Id</operation>
                              <operation source="field" to="temp.dt_review_analysis/output/Task_Id">Task Id</operation>
                              <operation source="field" to="temp.dt_review_analysis/output/Task_Status">Task Status</operation>
                              <operation source="field" to="temp.dt_review_analysis/output/Success_Source_Rows">Success Source Rows</operation>
                              <operation source="field" to="temp.dt_review_analysis/output/Failed_Source_Rows">Failed Source Rows</operation>
                              <operation source="field" to="temp.dt_review_analysis/output/Success_Target_Rows">Success Target Rows</operation>
                              <operation source="field" to="temp.dt_review_analysis/output/Failed_Target_Rows">Failed Target Rows</operation>
                              <operation source="field" to="temp.dt_review_analysis/output/Start_Time">Start Time</operation>
                              <operation source="field" to="temp.dt_review_analysis/output/End_Time">End Time</operation>
                              <operation source="field" to="temp.dt_review_analysis/output/Error_Message">Error Message</operation>
                              <operation source="field" to="temp.dt_review_analysis/output/TotalTransErrors">Total Transformation Errors</operation>
                              <operation source="field" to="temp.dt_review_analysis/output/FirstErrorCode">First Error Code</operation>
                           </serviceOutput>
                        </service>
                        <link id="m7zwxj7x" targetId="m7zwxj8k"/>
                        <events>
                           <catch faultField="temp.dt_review_analysis/fault"
                                  id="m7zwxj64"
                                  interrupting="true"
                                  name="error">
                              <suspend/>
                           </catch>
                           <catch faultField="temp.dt_review_analysis/fault"
                                  id="m7zwxj65"
                                  interrupting="true"
                                  name="warning"/>
                        </events>
                     </eventContainer>
                     <eventContainer id="m7zwxj8k">
                        <service id="m7zwxj7w">
                           <title>dt_review_summary</title>
                           <serviceName>ICSExecuteDataTask</serviceName>
                           <serviceGUID/>
                           <serviceInput>
                              <parameter name="Wait for Task to Complete" source="constant" updatable="true">true</parameter>
                              <parameter name="Max Wait" source="constant" updatable="true">604800</parameter>
                              <parameter name="Task Name" source="constant" updatable="true">Step5_mt_review_summary</parameter>
                              <parameter name="GUID" source="constant" updatable="true">2Nx96HM3sLCciGWQepATYW</parameter>
                              <parameter name="Task Type" source="constant" updatable="true">MCT</parameter>
                              <parameter name="Has Inout Parameters" source="constant" updatable="true">false</parameter>
                              <parameter name="taskField" source="nested">
                                 <operation source="field" to="Step5-mt-review-summary-2Nx96HM3sLCciGWQepATYW">temp.dt_review_summary</operation>
                              </parameter>
                           </serviceInput>
                           <serviceOutput>
                              <operation source="field" to="temp.dt_review_summary/output/Object_Name">Object Name</operation>
                              <operation source="field" to="temp.dt_review_summary/output/Run_Id">Run Id</operation>
                              <operation source="field" to="temp.dt_review_summary/output/Log_Id">Log Id</operation>
                              <operation source="field" to="temp.dt_review_summary/output/Task_Id">Task Id</operation>
                              <operation source="field" to="temp.dt_review_summary/output/Task_Status">Task Status</operation>
                              <operation source="field" to="temp.dt_review_summary/output/Success_Source_Rows">Success Source Rows</operation>
                              <operation source="field" to="temp.dt_review_summary/output/Failed_Source_Rows">Failed Source Rows</operation>
                              <operation source="field" to="temp.dt_review_summary/output/Success_Target_Rows">Success Target Rows</operation>
                              <operation source="field" to="temp.dt_review_summary/output/Failed_Target_Rows">Failed Target Rows</operation>
                              <operation source="field" to="temp.dt_review_summary/output/Start_Time">Start Time</operation>
                              <operation source="field" to="temp.dt_review_summary/output/End_Time">End Time</operation>
                              <operation source="field" to="temp.dt_review_summary/output/Error_Message">Error Message</operation>
                              <operation source="field" to="temp.dt_review_summary/output/TotalTransErrors">Total Transformation Errors</operation>
                              <operation source="field" to="temp.dt_review_summary/output/FirstErrorCode">First Error Code</operation>
                           </serviceOutput>
                        </service>
                        <link id="m7zwxj9r" targetId="m7zwxjae"/>
                        <events>
                           <catch faultField="temp.dt_review_summary/fault"
                                  id="m7zwxj8i"
                                  interrupting="true"
                                  name="error">
                              <suspend/>
                           </catch>
                           <catch faultField="temp.dt_review_summary/fault"
                                  id="m7zwxj8j"
                                  interrupting="true"
                                  name="warning"/>
                        </events>
                     </eventContainer>
                     <eventContainer id="m7zwxjae">
                        <service id="m7zwxj9q">
                           <title>dt_final_datacontent</title>
                           <serviceName>ICSExecuteDataTask</serviceName>
                           <serviceGUID/>
                           <serviceInput>
                              <parameter name="Wait for Task to Complete" source="constant" updatable="true">true</parameter>
                              <parameter name="Max Wait" source="constant" updatable="true">604800</parameter>
                              <parameter name="Task Name" source="constant" updatable="true">Step6_mt_final_datacontent</parameter>
                              <parameter name="GUID" source="constant" updatable="true">4xWcS5MEGEsdrWqx201Ree</parameter>
                              <parameter name="Task Type" source="constant" updatable="true">MCT</parameter>
                              <parameter name="Has Inout Parameters" source="constant" updatable="true">false</parameter>
                              <parameter name="taskField" source="nested">
                                 <operation source="field" to="Step6-mt-final-datacontent-4xWcS5MEGEsdrWqx201Ree">temp.dt_final_datacontent</operation>
                              </parameter>
                           </serviceInput>
                           <serviceOutput>
                              <operation source="field" to="temp.dt_final_datacontent/output/Object_Name">Object Name</operation>
                              <operation source="field" to="temp.dt_final_datacontent/output/Run_Id">Run Id</operation>
                              <operation source="field" to="temp.dt_final_datacontent/output/Log_Id">Log Id</operation>
                              <operation source="field" to="temp.dt_final_datacontent/output/Task_Id">Task Id</operation>
                              <operation source="field" to="temp.dt_final_datacontent/output/Task_Status">Task Status</operation>
                              <operation source="field"
                                         to="temp.dt_final_datacontent/output/Success_Source_Rows">Success Source Rows</operation>
                              <operation source="field" to="temp.dt_final_datacontent/output/Failed_Source_Rows">Failed Source Rows</operation>
                              <operation source="field"
                                         to="temp.dt_final_datacontent/output/Success_Target_Rows">Success Target Rows</operation>
                              <operation source="field" to="temp.dt_final_datacontent/output/Failed_Target_Rows">Failed Target Rows</operation>
                              <operation source="field" to="temp.dt_final_datacontent/output/Start_Time">Start Time</operation>
                              <operation source="field" to="temp.dt_final_datacontent/output/End_Time">End Time</operation>
                              <operation source="field" to="temp.dt_final_datacontent/output/Error_Message">Error Message</operation>
                              <operation source="field" to="temp.dt_final_datacontent/output/TotalTransErrors">Total Transformation Errors</operation>
                              <operation source="field" to="temp.dt_final_datacontent/output/FirstErrorCode">First Error Code</operation>
                           </serviceOutput>
                        </service>
                        <events>
                           <catch faultField="temp.dt_final_datacontent/fault"
                                  id="m7zwxjac"
                                  interrupting="true"
                                  name="error">
                              <suspend/>
                           </catch>
                           <catch faultField="temp.dt_final_datacontent/fault"
                                  id="m7zwxjad"
                                  interrupting="true"
                                  name="warning"/>
                        </events>
                     </eventContainer>
                     <link id="m7zwxj2z" targetId="m7zwxj2u" type="containerLink"/>
                  </flow>
                  <flow id="m7zwxj31">
                     <throw id="m7zwxj38">
                        <title>Throw_error</title>
                        <throwInput>
                           <parameter name="code" source="constant" updatable="true">'Error'</parameter>
                           <parameter name="detail" source="constant" updatable="true">{$temp.File_Ingestion[1]/output[1]/fileDetails[1]/status}</parameter>
                           <parameter name="reason" source="constant" updatable="true">'Execution of Ingestion &amp; Replication task failed'</parameter>
                        </throwInput>
                     </throw>
                  </flow>
                  <link id="m7zwxj2x" targetId="m7zwxj2y" type="containerLink">
                     <condition source="formula">
                        <function name="string-equals">
                           <arg name="left">{$temp.File_Ingestion[1]/output[1]/fileDetails[1]/status}</arg>
                           <arg name="right">{$temp.File_Ingestion[1]/output[1]/fileDetails[1]/status}{$temp.File_Ingestion[1]/output[1]/fileDetails[1]/status} </arg>
                        </function>
                     </condition>
                  </link>
                  <link id="m7zwxj30" targetId="m7zwxj31" type="containerLink"/>
                  <link id="m7zwxj2w" targetId="c"/>
               </container>
               <end id="c"/>
            </flow>
            <dependencies>
               <processObject xmlns="http://schemas.active-endpoints.com/appmodules/screenflow/2011/06/avosHostEnvironment.xsd"
                              displayName="Step1-tsk-sf-food-reviews-ewfJaNviNcVgEoSlo56I6S"
                              isByCopy="true"
                              name="Step1-tsk-sf-food-reviews-ewfJaNviNcVgEoSlo56I6S">
                  <description/>
                  <tags/>
                  <detail>
                     <field label="Fault"
                            name="fault"
                            nullable="true"
                            required="false"
                            type="reference"/>
                     <field label="Input Parameters"
                            name="input"
                            nullable="true"
                            required="false"
                            type="reference"/>
                     <field label="Output Parameters"
                            name="output"
                            nullable="true"
                            required="false"
                            type="reference"/>
                  </detail>
               </processObject>
               <processObject xmlns="http://schemas.active-endpoints.com/appmodules/screenflow/2011/06/avosHostEnvironment.xsd"
                              displayName="Step3-mt-standardize-reviewdetail-9KliTDAYkv5jVcjinGgIeT"
                              isByCopy="true"
                              name="Step3-mt-standardize-reviewdetail-9KliTDAYkv5jVcjinGgIeT">
                  <description/>
                  <tags/>
                  <detail>
                     <field label="TaskProperties Parameters"
                            name="taskProperties"
                            nullable="true"
                            required="false"
                            type="reference"/>
                     <field label="Output Parameters"
                            name="output"
                            nullable="true"
                            required="false"
                            type="reference"/>
                     <field label="Fault"
                            name="fault"
                            nullable="true"
                            required="false"
                            type="reference"/>
                     <field label="Max Wait (Seconds)"
                            name="Max_Wait"
                            nullable="true"
                            required="false"
                            type="int"/>
                  </detail>
               </processObject>
               <processObject xmlns="http://schemas.active-endpoints.com/appmodules/screenflow/2011/06/avosHostEnvironment.xsd"
                              displayName="Step4-mt-review-analysis-0wFbslIUy4fbEyanF0peAq"
                              isByCopy="true"
                              name="Step4-mt-review-analysis-0wFbslIUy4fbEyanF0peAq">
                  <description/>
                  <tags/>
                  <detail>
                     <field label="TaskProperties Parameters"
                            name="taskProperties"
                            nullable="true"
                            required="false"
                            type="reference"/>
                     <field label="Output Parameters"
                            name="output"
                            nullable="true"
                            required="false"
                            type="reference"/>
                     <field label="Fault"
                            name="fault"
                            nullable="true"
                            required="false"
                            type="reference"/>
                     <field label="Max Wait (Seconds)"
                            name="Max_Wait"
                            nullable="true"
                            required="false"
                            type="int"/>
                  </detail>
               </processObject>
               <processObject xmlns="http://schemas.active-endpoints.com/appmodules/screenflow/2011/06/avosHostEnvironment.xsd"
                              displayName="Step5-mt-review-summary-2Nx96HM3sLCciGWQepATYW"
                              isByCopy="true"
                              name="Step5-mt-review-summary-2Nx96HM3sLCciGWQepATYW">
                  <description/>
                  <tags/>
                  <detail>
                     <field label="TaskProperties Parameters"
                            name="taskProperties"
                            nullable="true"
                            required="false"
                            type="reference"/>
                     <field label="Output Parameters"
                            name="output"
                            nullable="true"
                            required="false"
                            type="reference"/>
                     <field label="Fault"
                            name="fault"
                            nullable="true"
                            required="false"
                            type="reference"/>
                     <field label="Max Wait (Seconds)"
                            name="Max_Wait"
                            nullable="true"
                            required="false"
                            type="int"/>
                  </detail>
               </processObject>
               <processObject xmlns="http://schemas.active-endpoints.com/appmodules/screenflow/2011/06/avosHostEnvironment.xsd"
                              displayName="Step6-mt-final-datacontent-4xWcS5MEGEsdrWqx201Ree"
                              isByCopy="true"
                              name="Step6-mt-final-datacontent-4xWcS5MEGEsdrWqx201Ree">
                  <description/>
                  <tags/>
                  <detail>
                     <field label="TaskProperties Parameters"
                            name="taskProperties"
                            nullable="true"
                            required="false"
                            type="reference"/>
                     <field label="Output Parameters"
                            name="output"
                            nullable="true"
                            required="false"
                            type="reference"/>
                     <field label="Fault"
                            name="fault"
                            nullable="true"
                            required="false"
                            type="reference"/>
                     <field label="Max Wait (Seconds)"
                            name="Max_Wait"
                            nullable="true"
                            required="false"
                            type="int"/>
                  </detail>
               </processObject>
            </dependencies>
         </taskflow>
      </types1:Entry>
      <types1:GUID>a0moKbrU28ok9HXNbU4ueA</types1:GUID>
      <types1:DisplayName>Tsk_foodreview_analysis</types1:DisplayName>
   </types1:Item>
   <types1:CurrentServerDateTime>2025-03-10T07:46:07.846Z</types1:CurrentServerDateTime>
</aetgt:getResponse>
