<aetgt:getResponse xmlns:aetgt="http://schemas.active-endpoints.com/appmodules/repository/2010/10/avrepository.xsd"
                   xmlns:types1="http://schemas.active-endpoints.com/appmodules/repository/2010/10/avrepository.xsd">
   <types1:Item>
      <types1:EntryId>0RKWa-gt-614688-2025-03-04T10:57:13.993Z::conn.xml</types1:EntryId>
      <types1:Name>AmazonBedrockConnection</types1:Name>
      <types1:MimeType>application/xml+connection</types1:MimeType>
      <types1:Description>Amazon Bedrock connection</types1:Description>
      <types1:AppliesTo/>
      <types1:Tags/>
      <types1:VersionLabel>1.0</types1:VersionLabel>
      <types1:State>CURRENT</types1:State>
      <types1:ProcessGroup/>
      <types1:CreatedBy>mail2shivatalari@gmail.com</types1:CreatedBy>
      <types1:CreationDate>2025-03-04T10:57:14Z</types1:CreationDate>
      <types1:ModifiedBy>mail2shivatalari@gmail.com</types1:ModifiedBy>
      <types1:ModificationDate>2025-03-05T18:29:28Z</types1:ModificationDate>
      <types1:PublicationStatus>published</types1:PublicationStatus>
      <types1:PublishedBy>mail2shivatalari@gmail.com</types1:PublishedBy>
      <types1:PublicationDate>2025-03-05T18:29:40Z</types1:PublicationDate>
      <types1:PublishedContributionId>project:/rt.connection/AmazonBedrockConnection/AmazonBedrockConnection.conn.xml</types1:PublishedContributionId>
      <types1:Entry>
         <connection xmlns="http://schemas.informatica.com/socrates/data-services/2014/04/avosConnections.xsd"
                     displayName="AmazonBedrockConnection"
                     label="AmazonBedrockConnection"
                     name="AmazonBedrockConnection">
            <description>Amazon Bedrock connection</description>
            <tags/>
            <agent/>
            <attributes>
               <attribute encrypted="true" name="AccessKey" value=""/>
               <attribute encrypted="true" name="SecretKey" value=""/>
               <attribute encrypted="false" name="Region" value="us-west-2"/>
            </attributes>
            <businessConnector xmlns="http://schemas.informatica.com/appmodules/screenflow/2014/04/avosConnectors.xsd"
                               agentOnly="false"
                               connectorPath="project:/rt.connector/INFA_AWSBedrock/INFA_AWSBedrock_svcDef.xml"
                               name="INFA_AWSBedrock"
                               supportsConnectionTest="false"
                               uuid="3e7add5a-13d9-4cec-ab67-ee63bb7a7dad">
               <description>The Amazon Bedrock connector allows you to integrate, customize, and use advanced foundation models to build powerful, secure, and responsible generative AI applications through a single API.</description>
            </businessConnector>
         </connection>
      </types1:Entry>
      <types1:GUID>9lRKo5ddHc2eAwLlbhIWoz</types1:GUID>
      <types1:DisplayName>AmazonBedrockConnection</types1:DisplayName>
   </types1:Item>
   <types1:CurrentServerDateTime>2025-03-10T07:46:05.659Z</types1:CurrentServerDateTime>
</aetgt:getResponse>
