<aetgt:getResponse xmlns:aetgt="http://schemas.active-endpoints.com/appmodules/repository/2010/10/avrepository.xsd"
                   xmlns:types1="http://schemas.active-endpoints.com/appmodules/repository/2010/10/avrepository.xsd">
   <types1:Item>
      <types1:EntryId>8pNz6HKoJBUhtyc-gt-614680-2025-03-04T10:57:13.96Z::po.xml</types1:EntryId>
      <types1:Name>GenerationConfig_AmazonBedrock_PO</types1:Name>
      <types1:MimeType>application/xml+processobject</types1:MimeType>
      <types1:Description>Process object to create the prompt request</types1:Description>
      <types1:AppliesTo/>
      <types1:Tags/>
      <types1:VersionLabel>1.0</types1:VersionLabel>
      <types1:State>CURRENT</types1:State>
      <types1:ProcessGroup/>
      <types1:CreatedBy>mail2shivatalari@gmail.com</types1:CreatedBy>
      <types1:CreationDate>2025-03-04T10:57:14Z</types1:CreationDate>
      <types1:ModifiedBy/>
      <types1:PublicationStatus>unpublished</types1:PublicationStatus>
      <types1:Entry>
         <processObject xmlns="http://schemas.active-endpoints.com/appmodules/screenflow/2011/06/avosHostEnvironment.xsd"
                        displayName="GenerationConfig_AmazonBedrock_PO"
                        isByCopy="true"
                        name="GenerationConfig_AmazonBedrock_PO">
            <description>Process object to create the prompt request</description>
            <tags/>
            <detail>
               <field label="Temperature"
                      name="Temperature"
                      nullable="true"
                      required="false"
                      type="string">
                  <options/>
               </field>
               <field label="Top P"
                      name="TopP"
                      nullable="true"
                      required="false"
                      type="string">
                  <options/>
               </field>
               <field label="Max Tokens"
                      name="MaxTokens"
                      nullable="true"
                      required="false"
                      type="string">
                  <options/>
               </field>
            </detail>
         </processObject>
      </types1:Entry>
      <types1:GUID>cPMRgP2VVwegsKAcMewkea</types1:GUID>
      <types1:DisplayName>GenerationConfig_AmazonBedrock_PO</types1:DisplayName>
   </types1:Item>
   <types1:CurrentServerDateTime>2025-03-10T07:46:05.698Z</types1:CurrentServerDateTime>
</aetgt:getResponse>
