<aetgt:getResponse xmlns:aetgt="http://schemas.active-endpoints.com/appmodules/repository/2010/10/avrepository.xsd"
                   xmlns:types1="http://schemas.active-endpoints.com/appmodules/repository/2010/10/avrepository.xsd">
   <types1:Item>
      <types1:EntryId>dtlI20hELlBWlD2-gt-614696-2025-03-04T10:57:14.056Z::pd.xml</types1:EntryId>
      <types1:Name>Get_Content_from_File</types1:Name>
      <types1:ParentFlowIds>CPUk1IVDov6or3r-gt-623590-2025-03-04T10:57:14.465Z::pd.xml</types1:ParentFlowIds>
      <types1:MimeType>application/xml+process</types1:MimeType>
      <types1:Description>Subprocess that reads text from the uploaded file</types1:Description>
      <types1:AppliesTo/>
      <types1:Tags>.anonymous</types1:Tags>
      <types1:VersionLabel>1.0</types1:VersionLabel>
      <types1:State>CURRENT</types1:State>
      <types1:ProcessGroup/>
      <types1:CreatedBy>mail2shivatalari@gmail.com</types1:CreatedBy>
      <types1:CreationDate>2025-03-04T10:57:14Z</types1:CreationDate>
      <types1:ModifiedBy/>
      <types1:PublicationStatus>published</types1:PublicationStatus>
      <types1:PublishedBy>mail2shivatalari@gmail.com</types1:PublishedBy>
      <types1:PublicationDate>2025-03-05T10:13:31Z</types1:PublicationDate>
      <types1:PublishedContributionId>project:/spi.Get_Content_from_File/Get_Content_from_File.pd.xml</types1:PublishedContributionId>
      <types1:Entry>
         <process xmlns="http://schemas.active-endpoints.com/appmodules/screenflow/2010/10/avosScreenflow.xsd"
                  xmlns:tfm="http://schemas.active-endpoints.com/appmodules/screenflow/2021/04/taskflowModel.xsd"
                  xmlns:list="urn:activevos:spi:list:functions"
                  GUID="5Y70DT5sFULbARZk5wGTUu"
                  displayName="Get Content from File"
                  name="Get_Content_from_File"
                  overrideAPIName="false">
            <parameterSet xmlns="http://schemas.active-endpoints.com/appmodules/screenflow/2021/04/taskflowModel.xsd"/>
            <appliesTo/>
            <description>Subprocess that reads text from the uploaded file</description>
            <tags>.anonymous</tags>
            <generator>Informatica Process Designer 11</generator>
            <input>
               <parameter description="" name="File" required="true" type="attachment">
                  <options>
                     <option hide="true" name="count">1</option>
                     <option name="maxsize">5242880</option>
                     <option name="required">false</option>
                  </options>
               </parameter>
            </input>
            <output>
               <field description="" name="File_Content" type="textarea">
                  <options>
                     <option name="text_width">100</option>
                     <option name="text_height">5</option>
                     <option name="required">false</option>
                  </options>
               </field>
            </output>
            <notes/>
            <deployment skipIfRunning="false" suspendOnFault="false" tracingLevel="verbose">
               <rest>
                  <allowAnonymousAccess/>
               </rest>
            </deployment>
            <extData>
               <nvpair name="treatEmptyObjectListAsArray">true</nvpair>
               <nvpair name="treatEmptyObjectListAsNotArray">false</nvpair>
               <nvpair name="treatEmptyStringAsNotNull">false</nvpair>
            </extData>
            <flow id="ed2b51935-9172-4bae-8b11-746e8e03d816">
               <start id="u6d5b5517-57ec-4d25-8d50-4a76a9bcfa0d">
                  <link id="m93b7da2d-e5a2-48be-9134-2e0e1c37862c"
                        targetId="a10qnBqEnFdKscjbbXOpGQo0-lyh4uxqp"/>
               </start>
               <assignment id="a10qnBqEnFdKscjbbXOpGQo0-lyh4uxqp">
                  <title>Read Content from FIle</title>
                  <operation source="formula" to="output.File_Content">
                     <expression language="XQuery">util:base64Decode(sff:getBase64FromAttachment($input.File))</expression>
                  </operation>
                  <link id="w3ad105b2-2148-4c12-8b2f-e8a143df4112"
                        targetId="a10qnBqEnFdKscjbbXOpGQo0-c"/>
               </assignment>
               <end id="a10qnBqEnFdKscjbbXOpGQo0-c">
                  <title>End</title>
               </end>
            </flow>
         </process>
      </types1:Entry>
      <types1:GUID>5Y70DT5sFULbARZk5wGTUu</types1:GUID>
      <types1:DisplayName>Get Content from File</types1:DisplayName>
   </types1:Item>
   <types1:CurrentServerDateTime>2025-03-10T07:46:05.681Z</types1:CurrentServerDateTime>
</aetgt:getResponse>
