<aetgt:getResponse xmlns:aetgt="http://schemas.active-endpoints.com/appmodules/repository/2010/10/avrepository.xsd"
                   xmlns:types1="http://schemas.active-endpoints.com/appmodules/repository/2010/10/avrepository.xsd">
   <types1:Item>
      <types1:EntryId>PVEQrXhNUdyOoMd-gt-623600-2025-03-04T10:57:14.661Z::gt.xml</types1:EntryId>
      <types1:Name>Question_with_Context</types1:Name>
      <types1:MimeType>application/xml+screenflow</types1:MimeType>
      <types1:Description>Guide to ask questions to the LLM about the context from an uploaded file</types1:Description>
      <types1:AppliesTo/>
      <types1:Tags/>
      <types1:VersionLabel>1.0</types1:VersionLabel>
      <types1:State>CURRENT</types1:State>
      <types1:ProcessGroup/>
      <types1:CreatedBy>mail2shivatalari@gmail.com</types1:CreatedBy>
      <types1:CreationDate>2025-03-04T10:57:15Z</types1:CreationDate>
      <types1:ModifiedBy/>
      <types1:PublicationStatus>published</types1:PublicationStatus>
      <types1:PublishedBy>mail2shivatalari@gmail.com</types1:PublishedBy>
      <types1:PublicationDate>2025-03-05T10:25:39Z</types1:PublicationDate>
      <types1:PublishedContributionId>project:/sf.Question_with_Context/Question_with_Context.xml</types1:PublishedContributionId>
      <types1:Entry>
         <avosScreenflow xmlns="http://schemas.active-endpoints.com/appmodules/screenflow/2010/10/avosScreenflow.xsd"
                         xmlns:list="urn:activevos:spi:list:functions"
                         allowRestart="true"
                         displayName="Question with Context"
                         doneOnEndStep="false"
                         name="Question_with_Context"
                         runAsUser="$current">
            <description>Guide to ask questions to the LLM about the context from an uploaded file</description>
            <appliesTo/>
            <tags/>
            <generator>Informatica Process Designer 11</generator>
            <input>
               <parameter description="null"
                          name="File"
                          required="true"
                          type="attachment">
                  <options>
                     <option hide="true" name="count">1</option>
                     <option name="maxsize">5242880</option>
                     <option name="required">false</option>
                  </options>
               </parameter>
               <parameter description="null"
                          name="User_Prompt"
                          required="true"
                          type="textarea">
                  <options>
                     <option name="text_width">100</option>
                     <option name="text_height">5</option>
                     <option name="required">false</option>
                  </options>
               </parameter>
            </input>
            <output>
               <field description="" name="Answer" type="textarea">
                  <options>
                     <option name="text_width">100</option>
                     <option name="text_height">5</option>
                     <option name="required">false</option>
                  </options>
               </field>
            </output>
            <tempFields>
               <field description="" name="Content_From_File" type="textarea">
                  <options>
                     <option name="text_width">100</option>
                     <option name="text_height">5</option>
                     <option name="required">false</option>
                  </options>
               </field>
            </tempFields>
            <runOn target="desktop"/>
            <notes/>
            <deployment/>
            <sendFeedback>
               <emailTo/>
            </sendFeedback>
            <flow>
               <startScreen id="a1gAZcJbrRRYvivInnUiLGgy-jd300kk3">
                  <title>Start</title>
                  <body contentType="text/html"/>
                  <actions>
                     <action alt="null"
                             id="a1gAZcJbrRRYvivInnUiLGgy-jd300kk3_a1gAZcJbrRRYvivInnUiLGgy-lzjjzax2"
                             targetScreen="a1gAZcJbrRRYvivInnUiLGgy-lzjjzax2">
                        <text>Continue</text>
                     </action>
                  </actions>
                  <screenData skipIfRequiredFilled="true"/>
               </startScreen>
               <screen id="a1gAZcJbrRRYvivInnUiLGgy-lzjjzax2">
                  <title>Upload File and Ask Question</title>
                  <body contentType="text/html">&lt;p&gt;&lt;span style="font-size: 16pt; color: #e67e23;"&gt;Upload a file to set the context for our conversation and enter your question.&lt;/span&gt;&lt;/p&gt;
&lt;p&gt;&amp;nbsp;&lt;/p&gt;
&lt;p&gt;&lt;span style="background-color: #ffffff; color: #236fa1;"&gt;&lt;span style="font-size: 14pt; background-color: #ffffff;"&gt;Select file to upload&amp;nbsp;&lt;span style="color: #e03e2d;"&gt;*&lt;/span&gt;&lt;/span&gt;&lt;/span&gt;&lt;/p&gt;
&lt;p&gt;&lt;input name="input.File" type="text" value="File (input)*"&gt;&amp;nbsp;&lt;/p&gt;
&lt;p&gt;&amp;nbsp;&lt;/p&gt;
&lt;p&gt;&lt;span style="color: #236fa1; font-size: 14pt;"&gt;Enter your query below &lt;span style="color: #e03e2d;"&gt;*&lt;/span&gt;&lt;/span&gt;&lt;/p&gt;
&lt;p&gt;&lt;input class="" name="input.User_Prompt" type="text" value="User_Prompt (input)*"&gt;&amp;nbsp;&lt;/p&gt;
&lt;p&gt;&amp;nbsp;&lt;/p&gt;</body>
                  <actionPrompt/>
                  <actions>
                     <action alt="null"
                             id="a1gAZcJbrRRYvivInnUiLGgy-lzjjzax2_a1gAZcJbrRRYvivInnUiLGgy-lzjje4fb"
                             targetScreen="a1gAZcJbrRRYvivInnUiLGgy-lzjje4fb">
                        <text>Continue</text>
                     </action>
                  </actions>
                  <screenData skipIfRequiredFilled="false">
                     <screenDataItem name="input.File"
                                     readonly="false"
                                     required="true"
                                     type="attachment">
                        <options>
                           <option hide="true" name="count">1</option>
                           <option name="maxsize">5242880</option>
                           <option name="required">true</option>
                        </options>
                     </screenDataItem>
                     <screenDataItem name="input.User_Prompt"
                                     readonly="false"
                                     required="true"
                                     type="textarea">
                        <options>
                           <option name="text_width">90</option>
                           <option name="text_height">8</option>
                           <option name="required">true</option>
                        </options>
                     </screenDataItem>
                  </screenData>
               </screen>
               <screen id="a1gAZcJbrRRYvivInnUiLGgy-lzjje4fg">
                  <title>Answer</title>
                  <body contentType="text/html">&lt;p&gt;&lt;strong&gt;&lt;span style="font-size: 14pt; color: #e67e23;"&gt;Here is the response from LLM:&lt;/span&gt;&lt;/strong&gt;&lt;/p&gt;
&lt;p&gt;&lt;strong&gt;&lt;span style="text-decoration: underline;"&gt;&lt;input class="" style="-moz-appearance: none; background-color: lightgrey; border: none;" name="output.LLM_Answer" readonly="readonly" type="text" value="LLM_Answer (output)"&gt;&amp;nbsp;&lt;/span&gt;&lt;/strong&gt;&lt;/p&gt;</body>
                  <actionPrompt/>
                  <actions>
                     <action alt="null"
                             id="a1gAZcJbrRRYvivInnUiLGgy-lzjje4fg_a1gAZcJbrRRYvivInnUiLGgy-m02cfshg"
                             targetScreen="a1gAZcJbrRRYvivInnUiLGgy-m02cfshg">
                        <text>Next Question</text>
                     </action>
                     <action alt="null"
                             id="a1gAZcJbrRRYvivInnUiLGgy-lzjje4fg_rc28b2241-4f8c-4c1e-be47-ed4ed862fbe7"
                             targetScreen="rc28b2241-4f8c-4c1e-be47-ed4ed862fbe7">
                        <text>End</text>
                     </action>
                  </actions>
                  <screenData skipIfRequiredFilled="false">
                     <screenDataItem name="output.LLM_Answer"
                                     readonly="true"
                                     required="false"
                                     type="textarea">
                        <options>
                           <option name="text_width">50</option>
                           <option name="text_height">80</option>
                           <option name="required">false</option>
                        </options>
                     </screenDataItem>
                  </screenData>
               </screen>
               <screen id="a1gAZcJbrRRYvivInnUiLGgy-lzjjzazw">
                  <title>Next Question</title>
                  <body contentType="text/html">&lt;p&gt;&lt;span style="color: #e67e23; font-size: 14pt;"&gt;New question with the same context&lt;/span&gt;&lt;/p&gt;
&lt;p&gt;&lt;input class="" name="input.User_Prompt" type="text" value="User_Prompt (input)*"&gt;&amp;nbsp;&lt;/p&gt;</body>
                  <actionPrompt/>
                  <actions>
                     <action alt="null"
                             id="a1gAZcJbrRRYvivInnUiLGgy-lzjjzazw_a1gAZcJbrRRYvivInnUiLGgy-lzjjzb04"
                             targetScreen="a1gAZcJbrRRYvivInnUiLGgy-lzjjzb04">
                        <text>Continue</text>
                     </action>
                  </actions>
                  <screenData skipIfRequiredFilled="false">
                     <screenDataItem name="input.User_Prompt"
                                     readonly="false"
                                     required="true"
                                     type="textarea">
                        <options>
                           <option name="text_width">90</option>
                           <option name="text_height">8</option>
                           <option name="required">true</option>
                        </options>
                     </screenDataItem>
                  </screenData>
               </screen>
               <endScreen id="a1gAZcJbrRRYvivInnUiLGgy-jd4cwa59">
                  <title>End</title>
                  <body contentType="text/html"/>
                  <redirectTo type="current_object"/>
                  <screenActionLabel>
                     <text/>
                  </screenActionLabel>
               </endScreen>
               <empty gatewayType="exclusive" id="rc28b2241-4f8c-4c1e-be47-ed4ed862fbe7">
                  <actions>
                     <action alt="null"
                             id="rc28b2241-4f8c-4c1e-be47-ed4ed862fbe7_a1gAZcJbrRRYvivInnUiLGgy-jd4cwa59"
                             targetScreen="a1gAZcJbrRRYvivInnUiLGgy-jd4cwa59">
                        <text>Continue</text>
                     </action>
                  </actions>
               </empty>
               <jumpTo id="a1gAZcJbrRRYvivInnUiLGgy-lzjjzb04"
                       targetTitle="Get Content from File">
                  <actions>
                     <action alt="null"
                             id="a1gAZcJbrRRYvivInnUiLGgy-lzjjzb04_a1gAZcJbrRRYvivInnUiLGgy-lzjje4fb"
                             targetScreen="a1gAZcJbrRRYvivInnUiLGgy-lzjje4fb">
                        <text>Continue</text>
                     </action>
                  </actions>
               </jumpTo>
               <callProcess id="a1gAZcJbrRRYvivInnUiLGgy-lzjje4fb">
                  <title>Get Content from File</title>
                  <subflowGUID>2o3i9Qsb4aWlVRYPKHVVC9</subflowGUID>
                  <subflowPath>Chat_with_File</subflowPath>
                  <runAsUser>$current</runAsUser>
                  <serviceInput>
                     <parameter id="m21h5kc9"
                                name="User_Prompt"
                                source="field"
                                updatable="true">input.User_Prompt</parameter>
                     <parameter id="m21h5kca" name="File" source="field" updatable="true">input.File</parameter>
                  </serviceInput>
                  <subflowOutput>
                     <field name="LLM_Answer" type="textarea">
                        <options>
                           <option name="text_width">100</option>
                           <option name="text_height">5</option>
                           <option name="required">false</option>
                        </options>
                     </field>
                  </subflowOutput>
                  <actions>
                     <action alt=""
                             id="a1gAZcJbrRRYvivInnUiLGgy-lzjje4fb_a1gAZcJbrRRYvivInnUiLGgy-lzjje4fg"
                             targetScreen="a1gAZcJbrRRYvivInnUiLGgy-lzjje4fg">
                        <text>Continue</text>
                     </action>
                  </actions>
               </callProcess>
               <assignment id="a1gAZcJbrRRYvivInnUiLGgy-m02cfshg">
                  <title>Clear User Input</title>
                  <operation source="constant" to="input.User_Prompt"/>
                  <actions>
                     <action alt="null"
                             id="a1gAZcJbrRRYvivInnUiLGgy-m02cfshg_a1gAZcJbrRRYvivInnUiLGgy-lzjjzazw"
                             targetScreen="a1gAZcJbrRRYvivInnUiLGgy-lzjjzazw">
                        <text>Continue</text>
                     </action>
                  </actions>
               </assignment>
            </flow>
         </avosScreenflow>
      </types1:Entry>
      <types1:GUID>0qir3DyY9jqkGTHrXqn3gB</types1:GUID>
      <types1:DisplayName>Question with Context</types1:DisplayName>
   </types1:Item>
   <types1:CurrentServerDateTime>2025-03-10T07:46:06.457Z</types1:CurrentServerDateTime>
</aetgt:getResponse>
