objectPath,objectName,objectType,id
/Explore/Hackathon-usecase,Step1_tsk_sf_food_reviews,MI_TASK,ewfJaNviNcVgEoSlo56I6S
/Explore/Hackathon-usecase/Data Quality bundle,address_street_line_infa,DICTIONARY,6I1k246RWAddIJA9r5WVEe
/Explore/Hackathon-usecase/App Int Recipe,Chat with File,PROCESS,2o3i9Qsb4aWlVRYPKHVVC9
/SYS,Hackathon-SA,AgentGroup,jUI4e44wKAAkXo91nVd1cX
/Explore,Hackathon-usecase,Project,dj5RHpIZjuikdD5PpVz76Q
/Explore/Hackathon-usecase/App Int Recipe,Question with Context,GUIDE,0qir3DyY9jqkGTHrXqn3gB
/Explore/Hackathon-usecase/Data Quality bundle,Validate_MiddleName,RULE_SPECIFICATION,5A7oOQ6L9mmiQxRKFIpOeL
/Explore/Hackathon-usecase/Data Quality bundle,Validate_Country,RULE_SPECIFICATION,8wr4b7jR7owjtvZCGDvckd
/Explore/Hackathon-usecase/Data Quality bundle,calendar_month_frm_number_infa,DICTIONARY,k8lh6vgTeSsdcYYLJQd3uc
/Explore/Hackathon-usecase,Tsk_foodreview_analysis,TASKFLOW,a0moKbrU28ok9HXNbU4ueA
/Explore/Hackathon-usecase/Data Quality bundle,Validate_Integer,RULE_SPECIFICATION,0Fe91cbaUC7dGC4BKRWrkt
/Explore/Hackathon-usecase/App Int Recipe,Get Content from File,PROCESS,5Y70DT5sFULbARZk5wGTUu
/Explore/Hackathon-usecase/Data Quality bundle,Validate_CompanyName,RULE_SPECIFICATION,1QwoqiWtfvSenMCRlf68G8
/Explore/Hackathon-usecase,App Int Recipe,Folder,hA4z8GQhBEehTW7Qz49Skn
/Explore/Hackathon-usecase,Step4_m_review_analysis,EcosystemDTemplate,cCTPOG5MLkVerxw1Y8A8e2
/Explore/Hackathon-usecase,Step2_Profile_storereviews,PROFILE,c7aBAgHgX0nbyvyatpvtCF
/Explore/Hackathon-usecase/Data Quality bundle,Validate_Calendar_Quarter,RULE_SPECIFICATION,3ZYgC0csvO3cqNXambbmaj
/Explore/Hackathon-usecase/Data Quality bundle,Validate_Longitude,RULE_SPECIFICATION,4ns62VUo5mRbHzfc5fs2uK
/Explore/Hackathon-usecase/Data Quality bundle,Validate_US_Canada_StateName,RULE_SPECIFICATION,kWqL6GSpzQQhUtnzWK68Ss
/Explore/Hackathon-usecase/Data Quality bundle,calendar_months_infa,DICTIONARY,kqVdvdSjDimbLL63IX5KSI
/Explore/Hackathon-usecase/Data Quality bundle,usa_nicknames_infa,DICTIONARY,f3h52d8Po4ohuzDW5uaZMR
/Explore/Hackathon-usecase,Data Quality bundle,Folder,cOQIppoJrKjkAUDoYFQcgI
/Explore/Hackathon-usecase/App Int Recipe,GenerationConfig_AmazonBedrock_PO,PROCESS_OBJECT,cPMRgP2VVwegsKAcMewkea
/Explore/Hackathon-usecase/Data Quality bundle,Validate_Street_Line,RULE_SPECIFICATION,7NgYHiKrOVNj6y4A98X5ub
/Explore/Hackathon-usecase/Data Quality bundle,numbers_special_characters_infa,DICTIONARY,1ilngaMFY2rishz7AgEySX
/Explore/Hackathon-usecase/Data Quality bundle,Validate_FirstName,RULE_SPECIFICATION,1xGCinvqhSGfPP7e0mIVAl
/Explore/Hackathon-usecase/Data Quality bundle,Validate_Timezone,RULE_SPECIFICATION,4BCz0pmMSYWgctGPgQVZYp
/Explore/Hackathon-usecase/Data Quality bundle,Validate_TickerSymbol,RULE_SPECIFICATION,4MtcBRP0iAUhSxgmvk5qAS
/Explore/Hackathon-usecase,Step3_m_standardize_reviewdetail,DTEMPLATE,9FJlfCyVGJ7i97Yg7JVmqv
/Explore/Hackathon-usecase/Data Quality bundle,Validate_Date_Creation,RULE_SPECIFICATION,3Vwv0poOOeQbCvlwAH5pmF
/Explore/Hackathon-usecase/Data Quality bundle,Validate_Calendar_Year,RULE_SPECIFICATION,2khZEhxO9ZUlLHZpBCqwYO
/Explore/Hackathon-usecase,Step5_mt_review_summary,MTT,2Nx96HM3sLCciGWQepATYW
/Explore/Hackathon-usecase/Data Quality bundle,US_Can_States_Infa,DICTIONARY,6RMpOoaNeLnbR8r8ASFEcD
/SYS,SNOWFLAKE_CONN_profiling,Connection,6TKZAyfSO8Yew3XGrxxAYU
/Explore/Hackathon-usecase/Data Quality bundle,Validate_Character,RULE_SPECIFICATION,6RW4cLiEQsidg4dhKMTmoy
/Explore/Hackathon-usecase/App Int Recipe,AmazonBedrockConnection,AI_CONNECTION,9lRKo5ddHc2eAwLlbhIWoz
/Explore/Hackathon-usecase,Cleanse_Country_city,CLEANSE,keqvXX7gyYIiAQVewrkXCf
/Explore/Hackathon-usecase/Data Quality bundle,Validate_Big_Integer,RULE_SPECIFICATION,ajvC0tojWWXdXcyHIXMoyN
/SYS,SWASHIV,AgentGroup,0jv4xSBa1kofv1ukvW7t8L
/Explore/Hackathon-usecase,Verifier_storeaddress,VERIFIER,aDjuVDikg7reHEyMFqEMGI
/Explore/Hackathon-usecase,Step5_m_review_summary,EcosystemDTemplate,8arqCHa8pa3gmWF0xdlhsy
/Explore/Hackathon-usecase/Data Quality bundle,Validate_Date_Measurement,RULE_SPECIFICATION,0sEUjJLk4mZewURHXJTPkV
/SYS,SNOWFLAKE_CONN,Connection,3yvpB8oTyADckD5iGtxFcs
/Explore/Hackathon-usecase/Data Quality bundle,Email_Domain_Name_Infa,DICTIONARY,3Rx4t6yNmwskjbS1Mk2zqG
/Explore/Hackathon-usecase/Data Quality bundle,Validate_Text,RULE_SPECIFICATION,4M6xkOnWmMqdsCyaS76so2
/Explore/Hackathon-usecase/Data Quality bundle,us_county_infa,DICTIONARY,7tXy1meUEqLkB10x56Mx4P
/Explore/Hackathon-usecase/Data Quality bundle,Validate_Small_Integer,RULE_SPECIFICATION,8BngTBmmSXhfHkpx5a0IIz
/Explore/Hackathon-usecase/Data Quality bundle,usa_firstnames_infa,DICTIONARY,4x1zjG4Jt9tcMridt5wv6U
/Explore/Hackathon-usecase/Data Quality bundle,Validate_Calendar_Month,RULE_SPECIFICATION,bys6bSaXgE8ltmD5CqRDSB
/Explore/Hackathon-usecase,Step6_m_final_datacontent,DTEMPLATE,30ZJY7jNwyve98WJz4u0mf
/Explore/Hackathon-usecase/Data Quality bundle,Validate_Latitude,RULE_SPECIFICATION,6NgzfZPvFnol3SZk1zQTcJ
/Explore/Hackathon-usecase/Data Quality bundle,timezones_infa,DICTIONARY,8wIPrDVW6gKh7vIO3UEV6q
/Explore/Hackathon-usecase/Data Quality bundle,usa_company_names_std_infa,DICTIONARY,904MYdbumSDkA8modcTVM2
/Explore/Hackathon-usecase/Data Quality bundle,Validate_Month_frm_Quarter,RULE_SPECIFICATION,6pQiOA0WJxCkZQdCgjDUMo
/Explore/Hackathon-usecase,Step6_mt_final_datacontent,MTT,4xWcS5MEGEsdrWqx201Ree
/Explore/Hackathon-usecase,Cleanse_Phonenumber,CLEANSE,0klKL6o1sWBe9fodzoXXk1
/Explore/Hackathon-usecase/Data Quality bundle,company_sufx_long_infa,DICTIONARY,6XH0rI3zMq6lO2aSGSirah
/Explore/Hackathon-usecase/Data Quality bundle,phone_chars_infa,DICTIONARY,9KQ2ehL4KY2lVUQjesxDKF
/Explore/Hackathon-usecase/Data Quality bundle,Validate_USCounty,RULE_SPECIFICATION,3jzGp2CzanBhx4TXOZHYcz
/Explore/Hackathon-usecase/Data Quality bundle,countries_infa,DICTIONARY,4HP65nTIUCeiNsphu6xi4Y
/Explore/Hackathon-usecase/Data Quality bundle,Validate_NickName,RULE_SPECIFICATION,3qu0BsiL3rjhUbeqfYjoky
/Explore/Hackathon-usecase,Step4_mt_review_analysis,MTT,0wFbslIUy4fbEyanF0peAq
/Explore/Hackathon-usecase,Dictionary_country_city,DICTIONARY,0NnlkYHPIuOj6znCKBa6UB
/Explore/Hackathon-usecase/Data Quality bundle,Validate_EmailAddress,RULE_SPECIFICATION,gKKbTmYqxABhzCGkWFvPyI
/Explore/Hackathon-usecase/Data Quality bundle,usa_surnames_infa,DICTIONARY,6mrnbDujHXHfkTb1lYZru0
/Explore/Hackathon-usecase/Data Quality bundle,Validate_URL,RULE_SPECIFICATION,6imvdHao6hpkRaiQWcFGiM
/Explore/Hackathon-usecase/Data Quality bundle,company_sufx_abrv_infa,DICTIONARY,95HDJW3UaNElh93KepFeeL
/Explore/Hackathon-usecase/Data Quality bundle,Validate_LastName,RULE_SPECIFICATION,90BDZ2E7yMcdF7vMGTSJ2c
/Explore/Hackathon-usecase,Step3_mt_standardize_reviewdetail,MTT,9KliTDAYkv5jVcjinGgIeT
/Explore/Hackathon-usecase/Data Quality bundle,Validate_Phone_Fax,RULE_SPECIFICATION,6T7ejQwcrGui92PDNQ1iia
/SYS,SRC_FF_CONN,Connection,4cBjv5Seyw1br9HKsPtPEQ
/Explore/Hackathon-usecase/Data Quality bundle,Validate_Currency,RULE_SPECIFICATION,4rgh1AodiOKhSNhWJNS8c5