{
  "name" : "Hackathon-usecase",
  "sourceOrgId" : "2e1sjez1SUqgBZNbyg9K8m",
  "sourceOrgName" : "Ascensus",
  "exportedObjects" : [ {
    "objectGuid" : "ewfJaNviNcVgEoSlo56I6S",
    "objectName" : "Step1_tsk_sf_food_reviews",
    "objectType" : "MI_TASK",
    "path" : "/Explore/Hackathon-usecase",
    "metadata" : {
      "modelVersion" : {
        "major" : 1,
        "minor" : 0
      },
      "repoInfo" : {
        "repoHandle" : "49752"
      },
      "objectRefs" : [ "3yvpB8oTyADckD5iGtxFcs", "jUI4e44wKAAkXo91nVd1cX" ],
      "contextAttributes" : [ ],
      "additionalInfo" : {
        "description" : "",
        "contentType" : "Binary",
        "documentState" : "VALID"
      }
    }
  }, {
    "objectGuid" : "6I1k246RWAddIJA9r5WVEe",
    "objectName" : "address_street_line_infa",
    "objectType" : "DICTIONARY",
    "path" : "/Explore/Hackathon-usecase/Data Quality bundle",
    "metadata" : {
      "modelVersion" : {
        "major" : 1,
        "minor" : 0
      },
      "repoInfo" : {
        "repoHandle" : "6I1k246RWAddIJA9r5WVEe"
      },
      "objectRefs" : [ ],
      "contextAttributes" : [ ],
      "additionalInfo" : {
        "description" : "List to interpret street line of address",
        "contentType" : "Binary",
        "documentState" : "VALID"
      }
    }
  }, {
    "objectGuid" : "2o3i9Qsb4aWlVRYPKHVVC9",
    "objectName" : "Chat with File",
    "objectType" : "PROCESS",
    "path" : "/Explore/Hackathon-usecase/App Int Recipe",
    "metadata" : {
      "modelVersion" : {
        "major" : 1,
        "minor" : 0
      },
      "repoInfo" : {
        "repoHandle" : "CPUk1IVDov6or3r-gt-623590-2025-03-04T10:57:14.465Z::pd.xml"
      },
      "objectRefs" : [ "5Y70DT5sFULbARZk5wGTUu", "cPMRgP2VVwegsKAcMewkea" ],
      "contextAttributes" : null,
      "additionalInfo" : {
        "description" : "The process reads the text from the uploaded file and answers the user's questions based on the contents of the file using the Amazon Bedrock Large Language Model (LLM)",
        "contentType" : "application/json; charset=utf-8",
        "documentState" : "VALID"
      }
    }
  }, {
    "objectGuid" : "jUI4e44wKAAkXo91nVd1cX",
    "objectName" : "Hackathon-SA",
    "objectType" : "AgentGroup",
    "path" : "/SYS",
    "metadata" : {
      "modelVersion" : {
        "major" : 0,
        "minor" : 0
      },
      "repoInfo" : {
        "repoHandle" : "01D7SR2500000000001G"
      },
      "objectRefs" : [ ],
      "contextAttributes" : [ {
        "name" : "id",
        "value" : "@1"
      } ],
      "additionalInfo" : {
        "description" : null,
        "contentType" : "JSON",
        "documentState" : "VALID"
      }
    }
  }, {
    "objectGuid" : "dj5RHpIZjuikdD5PpVz76Q",
    "objectName" : "Hackathon-usecase",
    "objectType" : "Project",
    "path" : "/Explore",
    "metadata" : {
      "modelVersion" : {
        "major" : 0,
        "minor" : 0
      },
      "repoInfo" : null,
      "objectRefs" : [ ],
      "contextAttributes" : [ ],
      "additionalInfo" : {
        "description" : "",
        "contentType" : "Binary",
        "documentState" : "COMPLETE"
      }
    }
  }, {
    "objectGuid" : "0qir3DyY9jqkGTHrXqn3gB",
    "objectName" : "Question with Context",
    "objectType" : "GUIDE",
    "path" : "/Explore/Hackathon-usecase/App Int Recipe",
    "metadata" : {
      "modelVersion" : {
        "major" : 1,
        "minor" : 0
      },
      "repoInfo" : {
        "repoHandle" : "PVEQrXhNUdyOoMd-gt-623600-2025-03-04T10:57:14.661Z::gt.xml"
      },
      "objectRefs" : [ "2o3i9Qsb4aWlVRYPKHVVC9" ],
      "contextAttributes" : null,
      "additionalInfo" : {
        "description" : "Guide to ask questions to the LLM about the context from an uploaded file",
        "contentType" : "application/json; charset=utf-8",
        "documentState" : "VALID"
      }
    }
  }, {
    "objectGuid" : "5A7oOQ6L9mmiQxRKFIpOeL",
    "objectName" : "Validate_MiddleName",
    "objectType" : "RULE_SPECIFICATION",
    "path" : "/Explore/Hackathon-usecase/Data Quality bundle",
    "metadata" : {
      "modelVersion" : {
        "major" : 1,
        "minor" : 0
      },
      "repoInfo" : {
        "repoHandle" : "5A7oOQ6L9mmiQxRKFIpOeL"
      },
      "objectRefs" : [ "4x1zjG4Jt9tcMridt5wv6U" ],
      "contextAttributes" : [ ],
      "additionalInfo" : {
        "description" : "The rule spec validates whether the input is a MiddleName",
        "contentType" : "Binary",
        "documentState" : "VALID"
      }
    }
  }, {
    "objectGuid" : "8wr4b7jR7owjtvZCGDvckd",
    "objectName" : "Validate_Country",
    "objectType" : "RULE_SPECIFICATION",
    "path" : "/Explore/Hackathon-usecase/Data Quality bundle",
    "metadata" : {
      "modelVersion" : {
        "major" : 1,
        "minor" : 0
      },
      "repoInfo" : {
        "repoHandle" : "8wr4b7jR7owjtvZCGDvckd"
      },
      "objectRefs" : [ "4HP65nTIUCeiNsphu6xi4Y" ],
      "contextAttributes" : [ ],
      "additionalInfo" : {
        "description" : "Validates if the input country, is a valid country or not",
        "contentType" : "Binary",
        "documentState" : "VALID"
      }
    }
  }, {
    "objectGuid" : "k8lh6vgTeSsdcYYLJQd3uc",
    "objectName" : "calendar_month_frm_number_infa",
    "objectType" : "DICTIONARY",
    "path" : "/Explore/Hackathon-usecase/Data Quality bundle",
    "metadata" : {
      "modelVersion" : {
        "major" : 1,
        "minor" : 0
      },
      "repoInfo" : {
        "repoHandle" : "k8lh6vgTeSsdcYYLJQd3uc"
      },
      "objectRefs" : [ ],
      "contextAttributes" : [ ],
      "additionalInfo" : {
        "description" : "Returns the Month for the number",
        "contentType" : "Binary",
        "documentState" : "VALID"
      }
    }
  }, {
    "objectGuid" : "a0moKbrU28ok9HXNbU4ueA",
    "objectName" : "Tsk_foodreview_analysis",
    "objectType" : "TASKFLOW",
    "path" : "/Explore/Hackathon-usecase",
    "metadata" : {
      "modelVersion" : {
        "major" : 1,
        "minor" : 0
      },
      "repoInfo" : {
        "repoHandle" : "bcm6S6fPAreFRqX-gt-234766-2025-03-08T08:08:02.11Z::tf.xml"
      },
      "objectRefs" : [ "ewfJaNviNcVgEoSlo56I6S", "4xWcS5MEGEsdrWqx201Ree", "9KliTDAYkv5jVcjinGgIeT", "2Nx96HM3sLCciGWQepATYW", "0wFbslIUy4fbEyanF0peAq" ],
      "contextAttributes" : null,
      "additionalInfo" : {
        "description" : "",
        "contentType" : "application/json; charset=utf-8",
        "documentState" : "VALID"
      }
    }
  }, {
    "objectGuid" : "0Fe91cbaUC7dGC4BKRWrkt",
    "objectName" : "Validate_Integer",
    "objectType" : "RULE_SPECIFICATION",
    "path" : "/Explore/Hackathon-usecase/Data Quality bundle",
    "metadata" : {
      "modelVersion" : {
        "major" : 1,
        "minor" : 0
      },
      "repoInfo" : {
        "repoHandle" : "0Fe91cbaUC7dGC4BKRWrkt"
      },
      "objectRefs" : [ ],
      "contextAttributes" : [ ],
      "additionalInfo" : {
        "description" : "Validates if the input is an integer maximumValue 2147483647 minimumValue -2147483648\nIs_nullable-'True'",
        "contentType" : "Binary",
        "documentState" : "VALID"
      }
    }
  }, {
    "objectGuid" : "5Y70DT5sFULbARZk5wGTUu",
    "objectName" : "Get Content from File",
    "objectType" : "PROCESS",
    "path" : "/Explore/Hackathon-usecase/App Int Recipe",
    "metadata" : {
      "modelVersion" : {
        "major" : 1,
        "minor" : 0
      },
      "repoInfo" : {
        "repoHandle" : "dtlI20hELlBWlD2-gt-614696-2025-03-04T10:57:14.056Z::pd.xml"
      },
      "objectRefs" : [ ],
      "contextAttributes" : null,
      "additionalInfo" : {
        "description" : "Subprocess that reads text from the uploaded file",
        "contentType" : "application/json; charset=utf-8",
        "documentState" : "VALID"
      }
    }
  }, {
    "objectGuid" : "1QwoqiWtfvSenMCRlf68G8",
    "objectName" : "Validate_CompanyName",
    "objectType" : "RULE_SPECIFICATION",
    "path" : "/Explore/Hackathon-usecase/Data Quality bundle",
    "metadata" : {
      "modelVersion" : {
        "major" : 1,
        "minor" : 0
      },
      "repoInfo" : {
        "repoHandle" : "1QwoqiWtfvSenMCRlf68G8"
      },
      "objectRefs" : [ "6XH0rI3zMq6lO2aSGSirah", "95HDJW3UaNElh93KepFeeL", "904MYdbumSDkA8modcTVM2" ],
      "contextAttributes" : [ ],
      "additionalInfo" : {
        "description" : "The rule spec validates whether the input is a Company Name",
        "contentType" : "Binary",
        "documentState" : "VALID"
      }
    }
  }, {
    "objectGuid" : "hA4z8GQhBEehTW7Qz49Skn",
    "objectName" : "App Int Recipe",
    "objectType" : "Folder",
    "path" : "/Explore/Hackathon-usecase",
    "metadata" : {
      "modelVersion" : {
        "major" : 0,
        "minor" : 0
      },
      "repoInfo" : null,
      "objectRefs" : [ ],
      "contextAttributes" : [ ],
      "additionalInfo" : {
        "description" : "",
        "contentType" : "Binary",
        "documentState" : "COMPLETE"
      }
    }
  }, {
    "objectGuid" : "cCTPOG5MLkVerxw1Y8A8e2",
    "objectName" : "Step4_m_review_analysis",
    "objectType" : "EcosystemDTemplate",
    "path" : "/Explore/Hackathon-usecase",
    "metadata" : {
      "modelVersion" : {
        "major" : 0,
        "minor" : 0
      },
      "repoInfo" : {
        "repoHandle" : "01D7SR1700000000001E"
      },
      "objectRefs" : [ "6TKZAyfSO8Yew3XGrxxAYU" ],
      "contextAttributes" : [ {
        "name" : "id",
        "value" : "@1"
      } ],
      "additionalInfo" : {
        "description" : "",
        "contentType" : "JSON",
        "documentState" : "VALID"
      }
    }
  }, {
    "objectGuid" : "c7aBAgHgX0nbyvyatpvtCF",
    "objectName" : "Step2_Profile_storereviews",
    "objectType" : "PROFILE",
    "path" : "/Explore/Hackathon-usecase",
    "metadata" : {
      "modelVersion" : {
        "major" : 1,
        "minor" : 0
      },
      "repoInfo" : {
        "repoHandle" : "5ad06949-15d9-4e61-b6ee-d586c6417984"
      },
      "objectRefs" : [ "gKKbTmYqxABhzCGkWFvPyI", "0klKL6o1sWBe9fodzoXXk1", "6TKZAyfSO8Yew3XGrxxAYU", "keqvXX7gyYIiAQVewrkXCf" ],
      "contextAttributes" : [ ],
      "additionalInfo" : {
        "description" : null,
        "contentType" : "json",
        "documentState" : "VALID"
      }
    }
  }, {
    "objectGuid" : "3ZYgC0csvO3cqNXambbmaj",
    "objectName" : "Validate_Calendar_Quarter",
    "objectType" : "RULE_SPECIFICATION",
    "path" : "/Explore/Hackathon-usecase/Data Quality bundle",
    "metadata" : {
      "modelVersion" : {
        "major" : 1,
        "minor" : 0
      },
      "repoInfo" : {
        "repoHandle" : "3ZYgC0csvO3cqNXambbmaj"
      },
      "objectRefs" : [ ],
      "contextAttributes" : [ ],
      "additionalInfo" : {
        "description" : "Validates the input is a month and returns the quarter.",
        "contentType" : "Binary",
        "documentState" : "VALID"
      }
    }
  }, {
    "objectGuid" : "4ns62VUo5mRbHzfc5fs2uK",
    "objectName" : "Validate_Longitude",
    "objectType" : "RULE_SPECIFICATION",
    "path" : "/Explore/Hackathon-usecase/Data Quality bundle",
    "metadata" : {
      "modelVersion" : {
        "major" : 1,
        "minor" : 0
      },
      "repoInfo" : {
        "repoHandle" : "4ns62VUo5mRbHzfc5fs2uK"
      },
      "objectRefs" : [ ],
      "contextAttributes" : [ ],
      "additionalInfo" : {
        "description" : "The rule spec validates whether the input is a valid Longitude",
        "contentType" : "Binary",
        "documentState" : "VALID"
      }
    }
  }, {
    "objectGuid" : "kWqL6GSpzQQhUtnzWK68Ss",
    "objectName" : "Validate_US_Canada_StateName",
    "objectType" : "RULE_SPECIFICATION",
    "path" : "/Explore/Hackathon-usecase/Data Quality bundle",
    "metadata" : {
      "modelVersion" : {
        "major" : 1,
        "minor" : 0
      },
      "repoInfo" : {
        "repoHandle" : "kWqL6GSpzQQhUtnzWK68Ss"
      },
      "objectRefs" : [ "6RMpOoaNeLnbR8r8ASFEcD" ],
      "contextAttributes" : [ ],
      "additionalInfo" : {
        "description" : "The rule Validates whether the input is a Valid Us or Canada State/Province Name",
        "contentType" : "Binary",
        "documentState" : "VALID"
      }
    }
  }, {
    "objectGuid" : "kqVdvdSjDimbLL63IX5KSI",
    "objectName" : "calendar_months_infa",
    "objectType" : "DICTIONARY",
    "path" : "/Explore/Hackathon-usecase/Data Quality bundle",
    "metadata" : {
      "modelVersion" : {
        "major" : 1,
        "minor" : 0
      },
      "repoInfo" : {
        "repoHandle" : "kqVdvdSjDimbLL63IX5KSI"
      },
      "objectRefs" : [ ],
      "contextAttributes" : [ ],
      "additionalInfo" : {
        "description" : "Calendar months.",
        "contentType" : "Binary",
        "documentState" : "VALID"
      }
    }
  }, {
    "objectGuid" : "f3h52d8Po4ohuzDW5uaZMR",
    "objectName" : "usa_nicknames_infa",
    "objectType" : "DICTIONARY",
    "path" : "/Explore/Hackathon-usecase/Data Quality bundle",
    "metadata" : {
      "modelVersion" : {
        "major" : 1,
        "minor" : 0
      },
      "repoInfo" : {
        "repoHandle" : "f3h52d8Po4ohuzDW5uaZMR"
      },
      "objectRefs" : [ ],
      "contextAttributes" : [ ],
      "additionalInfo" : {
        "description" : "List of nicknames (USA)",
        "contentType" : "Binary",
        "documentState" : "VALID"
      }
    }
  }, {
    "objectGuid" : "cOQIppoJrKjkAUDoYFQcgI",
    "objectName" : "Data Quality bundle",
    "objectType" : "Folder",
    "path" : "/Explore/Hackathon-usecase",
    "metadata" : {
      "modelVersion" : {
        "major" : 0,
        "minor" : 0
      },
      "repoInfo" : null,
      "objectRefs" : [ ],
      "contextAttributes" : [ ],
      "additionalInfo" : {
        "description" : "",
        "contentType" : "Binary",
        "documentState" : "COMPLETE"
      }
    }
  }, {
    "objectGuid" : "cPMRgP2VVwegsKAcMewkea",
    "objectName" : "GenerationConfig_AmazonBedrock_PO",
    "objectType" : "PROCESS_OBJECT",
    "path" : "/Explore/Hackathon-usecase/App Int Recipe",
    "metadata" : {
      "modelVersion" : {
        "major" : 1,
        "minor" : 0
      },
      "repoInfo" : {
        "repoHandle" : "8pNz6HKoJBUhtyc-gt-614680-2025-03-04T10:57:13.96Z::po.xml"
      },
      "objectRefs" : [ ],
      "contextAttributes" : null,
      "additionalInfo" : {
        "description" : "Process object to create the prompt request",
        "contentType" : "application/json; charset=utf-8",
        "documentState" : "VALID"
      }
    }
  }, {
    "objectGuid" : "7NgYHiKrOVNj6y4A98X5ub",
    "objectName" : "Validate_Street_Line",
    "objectType" : "RULE_SPECIFICATION",
    "path" : "/Explore/Hackathon-usecase/Data Quality bundle",
    "metadata" : {
      "modelVersion" : {
        "major" : 1,
        "minor" : 0
      },
      "repoInfo" : {
        "repoHandle" : "7NgYHiKrOVNj6y4A98X5ub"
      },
      "objectRefs" : [ "6I1k246RWAddIJA9r5WVEe" ],
      "contextAttributes" : [ ],
      "additionalInfo" : {
        "description" : "Validates the 'street' line of an address",
        "contentType" : "Binary",
        "documentState" : "VALID"
      }
    }
  }, {
    "objectGuid" : "1ilngaMFY2rishz7AgEySX",
    "objectName" : "numbers_special_characters_infa",
    "objectType" : "DICTIONARY",
    "path" : "/Explore/Hackathon-usecase/Data Quality bundle",
    "metadata" : {
      "modelVersion" : {
        "major" : 1,
        "minor" : 0
      },
      "repoInfo" : {
        "repoHandle" : "1ilngaMFY2rishz7AgEySX"
      },
      "objectRefs" : [ ],
      "contextAttributes" : [ ],
      "additionalInfo" : {
        "description" : "The reference table contains a list numbers and special characters including two spaces.",
        "contentType" : "Binary",
        "documentState" : "VALID"
      }
    }
  }, {
    "objectGuid" : "1xGCinvqhSGfPP7e0mIVAl",
    "objectName" : "Validate_FirstName",
    "objectType" : "RULE_SPECIFICATION",
    "path" : "/Explore/Hackathon-usecase/Data Quality bundle",
    "metadata" : {
      "modelVersion" : {
        "major" : 1,
        "minor" : 0
      },
      "repoInfo" : {
        "repoHandle" : "1xGCinvqhSGfPP7e0mIVAl"
      },
      "objectRefs" : [ "4x1zjG4Jt9tcMridt5wv6U" ],
      "contextAttributes" : [ ],
      "additionalInfo" : {
        "description" : "The rule spec validates whether the input is a FirstName",
        "contentType" : "Binary",
        "documentState" : "VALID"
      }
    }
  }, {
    "objectGuid" : "4BCz0pmMSYWgctGPgQVZYp",
    "objectName" : "Validate_Timezone",
    "objectType" : "RULE_SPECIFICATION",
    "path" : "/Explore/Hackathon-usecase/Data Quality bundle",
    "metadata" : {
      "modelVersion" : {
        "major" : 1,
        "minor" : 0
      },
      "repoInfo" : {
        "repoHandle" : "4BCz0pmMSYWgctGPgQVZYp"
      },
      "objectRefs" : [ "8wIPrDVW6gKh7vIO3UEV6q" ],
      "contextAttributes" : [ ],
      "additionalInfo" : {
        "description" : "Validates a given timezone",
        "contentType" : "Binary",
        "documentState" : "VALID"
      }
    }
  }, {
    "objectGuid" : "4MtcBRP0iAUhSxgmvk5qAS",
    "objectName" : "Validate_TickerSymbol",
    "objectType" : "RULE_SPECIFICATION",
    "path" : "/Explore/Hackathon-usecase/Data Quality bundle",
    "metadata" : {
      "modelVersion" : {
        "major" : 1,
        "minor" : 0
      },
      "repoInfo" : {
        "repoHandle" : "4MtcBRP0iAUhSxgmvk5qAS"
      },
      "objectRefs" : [ ],
      "contextAttributes" : [ ],
      "additionalInfo" : {
        "description" : "The rule spec validates whether the input is a valid TickerSymbol",
        "contentType" : "Binary",
        "documentState" : "VALID"
      }
    }
  }, {
    "objectGuid" : "9FJlfCyVGJ7i97Yg7JVmqv",
    "objectName" : "Step3_m_standardize_reviewdetail",
    "objectType" : "DTEMPLATE",
    "path" : "/Explore/Hackathon-usecase",
    "metadata" : {
      "modelVersion" : {
        "major" : 0,
        "minor" : 0
      },
      "repoInfo" : {
        "repoHandle" : "01D7SR1700000000001B"
      },
      "objectRefs" : [ "gKKbTmYqxABhzCGkWFvPyI", "aDjuVDikg7reHEyMFqEMGI", "0klKL6o1sWBe9fodzoXXk1", "6TKZAyfSO8Yew3XGrxxAYU", "keqvXX7gyYIiAQVewrkXCf" ],
      "contextAttributes" : [ {
        "name" : "id",
        "value" : "@1"
      } ],
      "additionalInfo" : {
        "description" : "",
        "contentType" : "JSON",
        "documentState" : "VALID"
      }
    }
  }, {
    "objectGuid" : "3Vwv0poOOeQbCvlwAH5pmF",
    "objectName" : "Validate_Date_Creation",
    "objectType" : "RULE_SPECIFICATION",
    "path" : "/Explore/Hackathon-usecase/Data Quality bundle",
    "metadata" : {
      "modelVersion" : {
        "major" : 1,
        "minor" : 0
      },
      "repoInfo" : {
        "repoHandle" : "3Vwv0poOOeQbCvlwAH5pmF"
      },
      "objectRefs" : [ ],
      "contextAttributes" : [ ],
      "additionalInfo" : {
        "description" : "The rule validates if the input is a date and returns the date format DD-MM-YYYY",
        "contentType" : "Binary",
        "documentState" : "VALID"
      }
    }
  }, {
    "objectGuid" : "2khZEhxO9ZUlLHZpBCqwYO",
    "objectName" : "Validate_Calendar_Year",
    "objectType" : "RULE_SPECIFICATION",
    "path" : "/Explore/Hackathon-usecase/Data Quality bundle",
    "metadata" : {
      "modelVersion" : {
        "major" : 1,
        "minor" : 0
      },
      "repoInfo" : {
        "repoHandle" : "2khZEhxO9ZUlLHZpBCqwYO"
      },
      "objectRefs" : [ ],
      "contextAttributes" : [ ],
      "additionalInfo" : {
        "description" : "The rule validate a date and returns calendar.",
        "contentType" : "Binary",
        "documentState" : "VALID"
      }
    }
  }, {
    "objectGuid" : "2Nx96HM3sLCciGWQepATYW",
    "objectName" : "Step5_mt_review_summary",
    "objectType" : "MTT",
    "path" : "/Explore/Hackathon-usecase",
    "metadata" : {
      "modelVersion" : {
        "major" : 0,
        "minor" : 0
      },
      "repoInfo" : {
        "repoHandle" : "01D7SR0Z000000000004"
      },
      "objectRefs" : [ "8arqCHa8pa3gmWF0xdlhsy", "jUI4e44wKAAkXo91nVd1cX", "6TKZAyfSO8Yew3XGrxxAYU" ],
      "contextAttributes" : [ {
        "name" : "id",
        "value" : "@1"
      } ],
      "additionalInfo" : {
        "description" : null,
        "contentType" : "JSON",
        "documentState" : "VALID"
      }
    }
  }, {
    "objectGuid" : "6RMpOoaNeLnbR8r8ASFEcD",
    "objectName" : "US_Can_States_Infa",
    "objectType" : "DICTIONARY",
    "path" : "/Explore/Hackathon-usecase/Data Quality bundle",
    "metadata" : {
      "modelVersion" : {
        "major" : 1,
        "minor" : 0
      },
      "repoInfo" : {
        "repoHandle" : "6RMpOoaNeLnbR8r8ASFEcD"
      },
      "objectRefs" : [ ],
      "contextAttributes" : [ ],
      "additionalInfo" : {
        "description" : "Contains name of State/provinces of US & Canada",
        "contentType" : "Binary",
        "documentState" : "VALID"
      }
    }
  }, {
    "objectGuid" : "6TKZAyfSO8Yew3XGrxxAYU",
    "objectName" : "SNOWFLAKE_CONN_profiling",
    "objectType" : "Connection",
    "path" : "/SYS",
    "metadata" : {
      "modelVersion" : {
        "major" : 0,
        "minor" : 0
      },
      "repoInfo" : {
        "repoHandle" : "01D7SR0B000000000005"
      },
      "objectRefs" : [ "jUI4e44wKAAkXo91nVd1cX" ],
      "contextAttributes" : [ {
        "name" : "id",
        "value" : "@1"
      } ],
      "additionalInfo" : {
        "description" : null,
        "contentType" : "JSON",
        "documentState" : "COMPLETE"
      }
    }
  }, {
    "objectGuid" : "6RW4cLiEQsidg4dhKMTmoy",
    "objectName" : "Validate_Character",
    "objectType" : "RULE_SPECIFICATION",
    "path" : "/Explore/Hackathon-usecase/Data Quality bundle",
    "metadata" : {
      "modelVersion" : {
        "major" : 1,
        "minor" : 0
      },
      "repoInfo" : {
        "repoHandle" : "6RW4cLiEQsidg4dhKMTmoy"
      },
      "objectRefs" : [ ],
      "contextAttributes" : [ ],
      "additionalInfo" : {
        "description" : "The rule spec validates whether the input is character(alphabets and special) only.",
        "contentType" : "Binary",
        "documentState" : "VALID"
      }
    }
  }, {
    "objectGuid" : "9lRKo5ddHc2eAwLlbhIWoz",
    "objectName" : "AmazonBedrockConnection",
    "objectType" : "AI_CONNECTION",
    "path" : "/Explore/Hackathon-usecase/App Int Recipe",
    "metadata" : {
      "modelVersion" : {
        "major" : 1,
        "minor" : 0
      },
      "repoInfo" : {
        "repoHandle" : "0RKWa-gt-614688-2025-03-04T10:57:13.993Z::conn.xml"
      },
      "objectRefs" : [ ],
      "contextAttributes" : null,
      "additionalInfo" : {
        "description" : "Amazon Bedrock connection",
        "contentType" : "application/json; charset=utf-8",
        "documentState" : "VALID"
      }
    }
  }, {
    "objectGuid" : "keqvXX7gyYIiAQVewrkXCf",
    "objectName" : "Cleanse_Country_city",
    "objectType" : "CLEANSE",
    "path" : "/Explore/Hackathon-usecase",
    "metadata" : {
      "modelVersion" : {
        "major" : 1,
        "minor" : 0
      },
      "repoInfo" : {
        "repoHandle" : "keqvXX7gyYIiAQVewrkXCf"
      },
      "objectRefs" : [ "0NnlkYHPIuOj6znCKBa6UB" ],
      "contextAttributes" : [ ],
      "additionalInfo" : {
        "description" : null,
        "contentType" : "Binary",
        "documentState" : "VALID"
      }
    }
  }, {
    "objectGuid" : "ajvC0tojWWXdXcyHIXMoyN",
    "objectName" : "Validate_Big_Integer",
    "objectType" : "RULE_SPECIFICATION",
    "path" : "/Explore/Hackathon-usecase/Data Quality bundle",
    "metadata" : {
      "modelVersion" : {
        "major" : 1,
        "minor" : 0
      },
      "repoInfo" : {
        "repoHandle" : "ajvC0tojWWXdXcyHIXMoyN"
      },
      "objectRefs" : [ ],
      "contextAttributes" : [ ],
      "additionalInfo" : {
        "description" : "Validated if the input is big integer.",
        "contentType" : "Binary",
        "documentState" : "VALID"
      }
    }
  }, {
    "objectGuid" : "0jv4xSBa1kofv1ukvW7t8L",
    "objectName" : "SWASHIV",
    "objectType" : "AgentGroup",
    "path" : "/SYS",
    "metadata" : {
      "modelVersion" : {
        "major" : 0,
        "minor" : 0
      },
      "repoInfo" : {
        "repoHandle" : "01D7SR25000000000002"
      },
      "objectRefs" : [ ],
      "contextAttributes" : [ {
        "name" : "id",
        "value" : "@1"
      } ],
      "additionalInfo" : {
        "description" : null,
        "contentType" : "JSON",
        "documentState" : "VALID"
      }
    }
  }, {
    "objectGuid" : "aDjuVDikg7reHEyMFqEMGI",
    "objectName" : "Verifier_storeaddress",
    "objectType" : "VERIFIER",
    "path" : "/Explore/Hackathon-usecase",
    "metadata" : {
      "modelVersion" : {
        "major" : 1,
        "minor" : 0
      },
      "repoInfo" : {
        "repoHandle" : "aDjuVDikg7reHEyMFqEMGI"
      },
      "objectRefs" : [ ],
      "contextAttributes" : [ ],
      "additionalInfo" : {
        "description" : null,
        "contentType" : "Binary",
        "documentState" : "VALID"
      }
    }
  }, {
    "objectGuid" : "8arqCHa8pa3gmWF0xdlhsy",
    "objectName" : "Step5_m_review_summary",
    "objectType" : "EcosystemDTemplate",
    "path" : "/Explore/Hackathon-usecase",
    "metadata" : {
      "modelVersion" : {
        "major" : 0,
        "minor" : 0
      },
      "repoInfo" : {
        "repoHandle" : "01D7SR1700000000001G"
      },
      "objectRefs" : [ "6TKZAyfSO8Yew3XGrxxAYU" ],
      "contextAttributes" : [ {
        "name" : "id",
        "value" : "@1"
      } ],
      "additionalInfo" : {
        "description" : "",
        "contentType" : "JSON",
        "documentState" : "VALID"
      }
    }
  }, {
    "objectGuid" : "0sEUjJLk4mZewURHXJTPkV",
    "objectName" : "Validate_Date_Measurement",
    "objectType" : "RULE_SPECIFICATION",
    "path" : "/Explore/Hackathon-usecase/Data Quality bundle",
    "metadata" : {
      "modelVersion" : {
        "major" : 1,
        "minor" : 0
      },
      "repoInfo" : {
        "repoHandle" : "0sEUjJLk4mZewURHXJTPkV"
      },
      "objectRefs" : [ ],
      "contextAttributes" : [ ],
      "additionalInfo" : {
        "description" : "The rule compares the input date to the current time stamp.\nDate and time that the record was migrated.\n\nisNullable : true\nTraits:\nis.dataFormat.date\nmeans.measurement.date\nis.dataFormat.time\nmeans.measurement.time\nmeans.measurement.date.creation",
        "contentType" : "Binary",
        "documentState" : "VALID"
      }
    }
  }, {
    "objectGuid" : "3yvpB8oTyADckD5iGtxFcs",
    "objectName" : "SNOWFLAKE_CONN",
    "objectType" : "Connection",
    "path" : "/SYS",
    "metadata" : {
      "modelVersion" : {
        "major" : 0,
        "minor" : 0
      },
      "repoInfo" : {
        "repoHandle" : "01D7SR0B000000000002"
      },
      "objectRefs" : [ "0jv4xSBa1kofv1ukvW7t8L" ],
      "contextAttributes" : [ {
        "name" : "id",
        "value" : "@1"
      } ],
      "additionalInfo" : {
        "description" : null,
        "contentType" : "JSON",
        "documentState" : "COMPLETE"
      }
    }
  }, {
    "objectGuid" : "3Rx4t6yNmwskjbS1Mk2zqG",
    "objectName" : "Email_Domain_Name_Infa",
    "objectType" : "DICTIONARY",
    "path" : "/Explore/Hackathon-usecase/Data Quality bundle",
    "metadata" : {
      "modelVersion" : {
        "major" : 1,
        "minor" : 0
      },
      "repoInfo" : {
        "repoHandle" : "3Rx4t6yNmwskjbS1Mk2zqG"
      },
      "objectRefs" : [ ],
      "contextAttributes" : [ ],
      "additionalInfo" : {
        "description" : "contains domain names for email address  (eg: .com , .net  , etc)",
        "contentType" : "Binary",
        "documentState" : "VALID"
      }
    }
  }, {
    "objectGuid" : "4M6xkOnWmMqdsCyaS76so2",
    "objectName" : "Validate_Text",
    "objectType" : "RULE_SPECIFICATION",
    "path" : "/Explore/Hackathon-usecase/Data Quality bundle",
    "metadata" : {
      "modelVersion" : {
        "major" : 1,
        "minor" : 0
      },
      "repoInfo" : {
        "repoHandle" : "4M6xkOnWmMqdsCyaS76so2"
      },
      "objectRefs" : [ ],
      "contextAttributes" : [ ],
      "additionalInfo" : {
        "description" : "The rule spec validates whether the input is text(alphabets) only.",
        "contentType" : "Binary",
        "documentState" : "VALID"
      }
    }
  }, {
    "objectGuid" : "7tXy1meUEqLkB10x56Mx4P",
    "objectName" : "us_county_infa",
    "objectType" : "DICTIONARY",
    "path" : "/Explore/Hackathon-usecase/Data Quality bundle",
    "metadata" : {
      "modelVersion" : {
        "major" : 1,
        "minor" : 0
      },
      "repoInfo" : {
        "repoHandle" : "7tXy1meUEqLkB10x56Mx4P"
      },
      "objectRefs" : [ ],
      "contextAttributes" : [ ],
      "additionalInfo" : {
        "description" : "List of US counties.",
        "contentType" : "Binary",
        "documentState" : "VALID"
      }
    }
  }, {
    "objectGuid" : "8BngTBmmSXhfHkpx5a0IIz",
    "objectName" : "Validate_Small_Integer",
    "objectType" : "RULE_SPECIFICATION",
    "path" : "/Explore/Hackathon-usecase/Data Quality bundle",
    "metadata" : {
      "modelVersion" : {
        "major" : 1,
        "minor" : 0
      },
      "repoInfo" : {
        "repoHandle" : "8BngTBmmSXhfHkpx5a0IIz"
      },
      "objectRefs" : [ ],
      "contextAttributes" : [ ],
      "additionalInfo" : {
        "description" : "Validates whether the input string is small integer or not.",
        "contentType" : "Binary",
        "documentState" : "VALID"
      }
    }
  }, {
    "objectGuid" : "4x1zjG4Jt9tcMridt5wv6U",
    "objectName" : "usa_firstnames_infa",
    "objectType" : "DICTIONARY",
    "path" : "/Explore/Hackathon-usecase/Data Quality bundle",
    "metadata" : {
      "modelVersion" : {
        "major" : 1,
        "minor" : 0
      },
      "repoInfo" : {
        "repoHandle" : "4x1zjG4Jt9tcMridt5wv6U"
      },
      "objectRefs" : [ ],
      "contextAttributes" : [ ],
      "additionalInfo" : {
        "description" : "List of first names (USA)",
        "contentType" : "Binary",
        "documentState" : "VALID"
      }
    }
  }, {
    "objectGuid" : "bys6bSaXgE8ltmD5CqRDSB",
    "objectName" : "Validate_Calendar_Month",
    "objectType" : "RULE_SPECIFICATION",
    "path" : "/Explore/Hackathon-usecase/Data Quality bundle",
    "metadata" : {
      "modelVersion" : {
        "major" : 1,
        "minor" : 0
      },
      "repoInfo" : {
        "repoHandle" : "bys6bSaXgE8ltmD5CqRDSB"
      },
      "objectRefs" : [ "kqVdvdSjDimbLL63IX5KSI" ],
      "contextAttributes" : [ ],
      "additionalInfo" : {
        "description" : "Validates whether the input is a month or not.",
        "contentType" : "Binary",
        "documentState" : "VALID"
      }
    }
  }, {
    "objectGuid" : "30ZJY7jNwyve98WJz4u0mf",
    "objectName" : "Step6_m_final_datacontent",
    "objectType" : "DTEMPLATE",
    "path" : "/Explore/Hackathon-usecase",
    "metadata" : {
      "modelVersion" : {
        "major" : 0,
        "minor" : 0
      },
      "repoInfo" : {
        "repoHandle" : "01D7SR1700000000001H"
      },
      "objectRefs" : [ "6TKZAyfSO8Yew3XGrxxAYU", "4cBjv5Seyw1br9HKsPtPEQ" ],
      "contextAttributes" : [ {
        "name" : "id",
        "value" : "@1"
      } ],
      "additionalInfo" : {
        "description" : "",
        "contentType" : "JSON",
        "documentState" : "VALID"
      }
    }
  }, {
    "objectGuid" : "6NgzfZPvFnol3SZk1zQTcJ",
    "objectName" : "Validate_Latitude",
    "objectType" : "RULE_SPECIFICATION",
    "path" : "/Explore/Hackathon-usecase/Data Quality bundle",
    "metadata" : {
      "modelVersion" : {
        "major" : 1,
        "minor" : 0
      },
      "repoInfo" : {
        "repoHandle" : "6NgzfZPvFnol3SZk1zQTcJ"
      },
      "objectRefs" : [ ],
      "contextAttributes" : [ ],
      "additionalInfo" : {
        "description" : "The rule spec validates whether the input is a valid Latitude",
        "contentType" : "Binary",
        "documentState" : "VALID"
      }
    }
  }, {
    "objectGuid" : "8wIPrDVW6gKh7vIO3UEV6q",
    "objectName" : "timezones_infa",
    "objectType" : "DICTIONARY",
    "path" : "/Explore/Hackathon-usecase/Data Quality bundle",
    "metadata" : {
      "modelVersion" : {
        "major" : 1,
        "minor" : 0
      },
      "repoInfo" : {
        "repoHandle" : "8wIPrDVW6gKh7vIO3UEV6q"
      },
      "objectRefs" : [ ],
      "contextAttributes" : [ ],
      "additionalInfo" : {
        "description" : "List of all timezones",
        "contentType" : "Binary",
        "documentState" : "VALID"
      }
    }
  }, {
    "objectGuid" : "904MYdbumSDkA8modcTVM2",
    "objectName" : "usa_company_names_std_infa",
    "objectType" : "DICTIONARY",
    "path" : "/Explore/Hackathon-usecase/Data Quality bundle",
    "metadata" : {
      "modelVersion" : {
        "major" : 1,
        "minor" : 0
      },
      "repoInfo" : {
        "repoHandle" : "904MYdbumSDkA8modcTVM2"
      },
      "objectRefs" : [ ],
      "contextAttributes" : [ ],
      "additionalInfo" : {
        "description" : null,
        "contentType" : "Binary",
        "documentState" : "VALID"
      }
    }
  }, {
    "objectGuid" : "6pQiOA0WJxCkZQdCgjDUMo",
    "objectName" : "Validate_Month_frm_Quarter",
    "objectType" : "RULE_SPECIFICATION",
    "path" : "/Explore/Hackathon-usecase/Data Quality bundle",
    "metadata" : {
      "modelVersion" : {
        "major" : 1,
        "minor" : 0
      },
      "repoInfo" : {
        "repoHandle" : "6pQiOA0WJxCkZQdCgjDUMo"
      },
      "objectRefs" : [ "kqVdvdSjDimbLL63IX5KSI", "k8lh6vgTeSsdcYYLJQd3uc" ],
      "contextAttributes" : [ ],
      "additionalInfo" : {
        "description" : "Validates the month from a date and returns the name of the month.",
        "contentType" : "Binary",
        "documentState" : "VALID"
      }
    }
  }, {
    "objectGuid" : "4xWcS5MEGEsdrWqx201Ree",
    "objectName" : "Step6_mt_final_datacontent",
    "objectType" : "MTT",
    "path" : "/Explore/Hackathon-usecase",
    "metadata" : {
      "modelVersion" : {
        "major" : 0,
        "minor" : 0
      },
      "repoInfo" : {
        "repoHandle" : "01D7SR0Z000000000007"
      },
      "objectRefs" : [ "30ZJY7jNwyve98WJz4u0mf", "jUI4e44wKAAkXo91nVd1cX", "6TKZAyfSO8Yew3XGrxxAYU", "4cBjv5Seyw1br9HKsPtPEQ" ],
      "contextAttributes" : [ {
        "name" : "id",
        "value" : "@1"
      } ],
      "additionalInfo" : {
        "description" : null,
        "contentType" : "JSON",
        "documentState" : "VALID"
      }
    }
  }, {
    "objectGuid" : "0klKL6o1sWBe9fodzoXXk1",
    "objectName" : "Cleanse_Phonenumber",
    "objectType" : "CLEANSE",
    "path" : "/Explore/Hackathon-usecase",
    "metadata" : {
      "modelVersion" : {
        "major" : 1,
        "minor" : 0
      },
      "repoInfo" : {
        "repoHandle" : "0klKL6o1sWBe9fodzoXXk1"
      },
      "objectRefs" : [ ],
      "contextAttributes" : [ ],
      "additionalInfo" : {
        "description" : null,
        "contentType" : "Binary",
        "documentState" : "VALID"
      }
    }
  }, {
    "objectGuid" : "6XH0rI3zMq6lO2aSGSirah",
    "objectName" : "company_sufx_long_infa",
    "objectType" : "DICTIONARY",
    "path" : "/Explore/Hackathon-usecase/Data Quality bundle",
    "metadata" : {
      "modelVersion" : {
        "major" : 1,
        "minor" : 0
      },
      "repoInfo" : {
        "repoHandle" : "6XH0rI3zMq6lO2aSGSirah"
      },
      "objectRefs" : [ ],
      "contextAttributes" : [ ],
      "additionalInfo" : {
        "description" : "Company suffixes.",
        "contentType" : "Binary",
        "documentState" : "VALID"
      }
    }
  }, {
    "objectGuid" : "9KQ2ehL4KY2lVUQjesxDKF",
    "objectName" : "phone_chars_infa",
    "objectType" : "DICTIONARY",
    "path" : "/Explore/Hackathon-usecase/Data Quality bundle",
    "metadata" : {
      "modelVersion" : {
        "major" : 1,
        "minor" : 0
      },
      "repoInfo" : {
        "repoHandle" : "9KQ2ehL4KY2lVUQjesxDKF"
      },
      "objectRefs" : [ ],
      "contextAttributes" : [ ],
      "additionalInfo" : {
        "description" : "List of special characters that can be used as part of phone number",
        "contentType" : "Binary",
        "documentState" : "VALID"
      }
    }
  }, {
    "objectGuid" : "3jzGp2CzanBhx4TXOZHYcz",
    "objectName" : "Validate_USCounty",
    "objectType" : "RULE_SPECIFICATION",
    "path" : "/Explore/Hackathon-usecase/Data Quality bundle",
    "metadata" : {
      "modelVersion" : {
        "major" : 1,
        "minor" : 0
      },
      "repoInfo" : {
        "repoHandle" : "3jzGp2CzanBhx4TXOZHYcz"
      },
      "objectRefs" : [ "7tXy1meUEqLkB10x56Mx4P" ],
      "contextAttributes" : [ ],
      "additionalInfo" : {
        "description" : "The rule spec validates whether the input is a US County",
        "contentType" : "Binary",
        "documentState" : "VALID"
      }
    }
  }, {
    "objectGuid" : "4HP65nTIUCeiNsphu6xi4Y",
    "objectName" : "countries_infa",
    "objectType" : "DICTIONARY",
    "path" : "/Explore/Hackathon-usecase/Data Quality bundle",
    "metadata" : {
      "modelVersion" : {
        "major" : 1,
        "minor" : 0
      },
      "repoInfo" : {
        "repoHandle" : "4HP65nTIUCeiNsphu6xi4Y"
      },
      "objectRefs" : [ ],
      "contextAttributes" : [ ],
      "additionalInfo" : {
        "description" : "List of all the countries",
        "contentType" : "Binary",
        "documentState" : "VALID"
      }
    }
  }, {
    "objectGuid" : "3qu0BsiL3rjhUbeqfYjoky",
    "objectName" : "Validate_NickName",
    "objectType" : "RULE_SPECIFICATION",
    "path" : "/Explore/Hackathon-usecase/Data Quality bundle",
    "metadata" : {
      "modelVersion" : {
        "major" : 1,
        "minor" : 0
      },
      "repoInfo" : {
        "repoHandle" : "3qu0BsiL3rjhUbeqfYjoky"
      },
      "objectRefs" : [ "f3h52d8Po4ohuzDW5uaZMR" ],
      "contextAttributes" : [ ],
      "additionalInfo" : {
        "description" : "The rule spec validates whether the input is a NickName",
        "contentType" : "Binary",
        "documentState" : "VALID"
      }
    }
  }, {
    "objectGuid" : "0wFbslIUy4fbEyanF0peAq",
    "objectName" : "Step4_mt_review_analysis",
    "objectType" : "MTT",
    "path" : "/Explore/Hackathon-usecase",
    "metadata" : {
      "modelVersion" : {
        "major" : 0,
        "minor" : 0
      },
      "repoInfo" : {
        "repoHandle" : "01D7SR0Z000000000003"
      },
      "objectRefs" : [ "jUI4e44wKAAkXo91nVd1cX", "cCTPOG5MLkVerxw1Y8A8e2", "6TKZAyfSO8Yew3XGrxxAYU" ],
      "contextAttributes" : [ {
        "name" : "id",
        "value" : "@1"
      } ],
      "additionalInfo" : {
        "description" : null,
        "contentType" : "JSON",
        "documentState" : "VALID"
      }
    }
  }, {
    "objectGuid" : "0NnlkYHPIuOj6znCKBa6UB",
    "objectName" : "Dictionary_country_city",
    "objectType" : "DICTIONARY",
    "path" : "/Explore/Hackathon-usecase",
    "metadata" : {
      "modelVersion" : {
        "major" : 1,
        "minor" : 0
      },
      "repoInfo" : {
        "repoHandle" : "0NnlkYHPIuOj6znCKBa6UB"
      },
      "objectRefs" : [ ],
      "contextAttributes" : [ ],
      "additionalInfo" : {
        "description" : "",
        "contentType" : "Binary",
        "documentState" : "VALID"
      }
    }
  }, {
    "objectGuid" : "gKKbTmYqxABhzCGkWFvPyI",
    "objectName" : "Validate_EmailAddress",
    "objectType" : "RULE_SPECIFICATION",
    "path" : "/Explore/Hackathon-usecase/Data Quality bundle",
    "metadata" : {
      "modelVersion" : {
        "major" : 1,
        "minor" : 0
      },
      "repoInfo" : {
        "repoHandle" : "gKKbTmYqxABhzCGkWFvPyI"
      },
      "objectRefs" : [ "3Rx4t6yNmwskjbS1Mk2zqG" ],
      "contextAttributes" : [ ],
      "additionalInfo" : {
        "description" : "The rule spec validates whether the input is a EmailAddress",
        "contentType" : "Binary",
        "documentState" : "VALID"
      }
    }
  }, {
    "objectGuid" : "6mrnbDujHXHfkTb1lYZru0",
    "objectName" : "usa_surnames_infa",
    "objectType" : "DICTIONARY",
    "path" : "/Explore/Hackathon-usecase/Data Quality bundle",
    "metadata" : {
      "modelVersion" : {
        "major" : 1,
        "minor" : 0
      },
      "repoInfo" : {
        "repoHandle" : "6mrnbDujHXHfkTb1lYZru0"
      },
      "objectRefs" : [ ],
      "contextAttributes" : [ ],
      "additionalInfo" : {
        "description" : "List of US surnames",
        "contentType" : "Binary",
        "documentState" : "VALID"
      }
    }
  }, {
    "objectGuid" : "6imvdHao6hpkRaiQWcFGiM",
    "objectName" : "Validate_URL",
    "objectType" : "RULE_SPECIFICATION",
    "path" : "/Explore/Hackathon-usecase/Data Quality bundle",
    "metadata" : {
      "modelVersion" : {
        "major" : 1,
        "minor" : 0
      },
      "repoInfo" : {
        "repoHandle" : "6imvdHao6hpkRaiQWcFGiM"
      },
      "objectRefs" : [ ],
      "contextAttributes" : [ ],
      "additionalInfo" : {
        "description" : "Validates if the given input is a URL or not",
        "contentType" : "Binary",
        "documentState" : "VALID"
      }
    }
  }, {
    "objectGuid" : "95HDJW3UaNElh93KepFeeL",
    "objectName" : "company_sufx_abrv_infa",
    "objectType" : "DICTIONARY",
    "path" : "/Explore/Hackathon-usecase/Data Quality bundle",
    "metadata" : {
      "modelVersion" : {
        "major" : 1,
        "minor" : 0
      },
      "repoInfo" : {
        "repoHandle" : "95HDJW3UaNElh93KepFeeL"
      },
      "objectRefs" : [ ],
      "contextAttributes" : [ ],
      "additionalInfo" : {
        "description" : "Company suffix abbreviations.",
        "contentType" : "Binary",
        "documentState" : "VALID"
      }
    }
  }, {
    "objectGuid" : "90BDZ2E7yMcdF7vMGTSJ2c",
    "objectName" : "Validate_LastName",
    "objectType" : "RULE_SPECIFICATION",
    "path" : "/Explore/Hackathon-usecase/Data Quality bundle",
    "metadata" : {
      "modelVersion" : {
        "major" : 1,
        "minor" : 0
      },
      "repoInfo" : {
        "repoHandle" : "90BDZ2E7yMcdF7vMGTSJ2c"
      },
      "objectRefs" : [ "6mrnbDujHXHfkTb1lYZru0" ],
      "contextAttributes" : [ ],
      "additionalInfo" : {
        "description" : "The rule spec validates whether the input is LastName.",
        "contentType" : "Binary",
        "documentState" : "VALID"
      }
    }
  }, {
    "objectGuid" : "9KliTDAYkv5jVcjinGgIeT",
    "objectName" : "Step3_mt_standardize_reviewdetail",
    "objectType" : "MTT",
    "path" : "/Explore/Hackathon-usecase",
    "metadata" : {
      "modelVersion" : {
        "major" : 0,
        "minor" : 0
      },
      "repoInfo" : {
        "repoHandle" : "01D7SR0Z000000000006"
      },
      "objectRefs" : [ "9FJlfCyVGJ7i97Yg7JVmqv", "jUI4e44wKAAkXo91nVd1cX", "6TKZAyfSO8Yew3XGrxxAYU" ],
      "contextAttributes" : [ {
        "name" : "id",
        "value" : "@1"
      } ],
      "additionalInfo" : {
        "description" : null,
        "contentType" : "JSON",
        "documentState" : "VALID"
      }
    }
  }, {
    "objectGuid" : "6T7ejQwcrGui92PDNQ1iia",
    "objectName" : "Validate_Phone_Fax",
    "objectType" : "RULE_SPECIFICATION",
    "path" : "/Explore/Hackathon-usecase/Data Quality bundle",
    "metadata" : {
      "modelVersion" : {
        "major" : 1,
        "minor" : 0
      },
      "repoInfo" : {
        "repoHandle" : "6T7ejQwcrGui92PDNQ1iia"
      },
      "objectRefs" : [ "9KQ2ehL4KY2lVUQjesxDKF" ],
      "contextAttributes" : [ ],
      "additionalInfo" : {
        "description" : "Validates if the given input is telephone/fax number",
        "contentType" : "Binary",
        "documentState" : "VALID"
      }
    }
  }, {
    "objectGuid" : "4cBjv5Seyw1br9HKsPtPEQ",
    "objectName" : "SRC_FF_CONN",
    "objectType" : "Connection",
    "path" : "/SYS",
    "metadata" : {
      "modelVersion" : {
        "major" : 0,
        "minor" : 0
      },
      "repoInfo" : {
        "repoHandle" : "01D7SR0B000000000003"
      },
      "objectRefs" : [ "jUI4e44wKAAkXo91nVd1cX" ],
      "contextAttributes" : [ {
        "name" : "id",
        "value" : "@1"
      } ],
      "additionalInfo" : {
        "description" : null,
        "contentType" : "JSON",
        "documentState" : "COMPLETE"
      }
    }
  }, {
    "objectGuid" : "4rgh1AodiOKhSNhWJNS8c5",
    "objectName" : "Validate_Currency",
    "objectType" : "RULE_SPECIFICATION",
    "path" : "/Explore/Hackathon-usecase/Data Quality bundle",
    "metadata" : {
      "modelVersion" : {
        "major" : 1,
        "minor" : 0
      },
      "repoInfo" : {
        "repoHandle" : "4rgh1AodiOKhSNhWJNS8c5"
      },
      "objectRefs" : [ ],
      "contextAttributes" : [ ],
      "additionalInfo" : {
        "description" : "Validates input as currency\n\nMonetary amount for the price list.\nisNullable:true\nmaximumValue:100000000000000\nminimumValue:0\nis.dataFormat.numeric.shaped",
        "contentType" : "Binary",
        "documentState" : "VALID"
      }
    }
  } ]
}