{"doc":{"id":"6I1k246RWAddIJA9r5WVEe","name":"address_street_line_infa","description":"List to interpret street line of address","documentType":"DICTIONARY","repoInfo":{"repoPath":"","repoHandle":"6I1k246RWAddIJA9r5WVEe"},"docRef":null,"customAttributes":{"stringAttrs":[]},"nativeData":{"id":"6I1k246RWAddIJA9r5WVEe","documentBlob":"{\"name\":\"\",\"defaultValueLiteral\":\"\",\"description\":\"\",\"readRelationalDSO\":{\"relationalFields\":[{\"name\":\"Column 1\",\"odbcPrecision\":512,\"label\":\"Column 1\"},{\"name\":\"Column 2\",\"odbcPrecision\":512,\"label\":\"Column 2\"},{\"name\":\"Column 3\",\"odbcPrecision\":512,\"label\":\"Column 3\"},{\"name\":\"Column 4\",\"odbcPrecision\":512,\"label\":\"Column 4\"},{\"name\":\"Column 5\",\"odbcPrecision\":512,\"label\":\"Column 5\"},{\"name\":\"Column 6\",\"odbcPrecision\":512,\"label\":\"Column 6\"},{\"name\":\"Column 7\",\"odbcPrecision\":512,\"label\":\"Column 7\"},{\"name\":\"Column 8\",\"odbcPrecision\":512,\"label\":\"Column 8\"},{\"name\":\"Column 9\",\"odbcPrecision\":512,\"label\":\"Column 9\"},{\"name\":\"Column 10\",\"odbcPrecision\":512,\"label\":\"Column 10\"},{\"name\":\"Column 11\",\"odbcPrecision\":512,\"label\":\"Column 11\"}]},\"tags\": []}"}},"data":"{\"cols\":[\"unique_row_identifier\",\"Column 1\",\"Column 2\",\"Column 3\",\"Column 4\",\"Column 5\",\"Column 6\",\"Column 7\",\"Column 8\",\"Column 9\",\"Column 10\",\"Column 11\"],\"rows\":[[50,\"ACRES\",\"ACRES\",\"\",\"\",\"\",\"\",\"\",\"\",\"\",\"\",\"\"],[51,\"ALLEY\",\"ALLEY\",\"ALLEE\",\"ALLY\",\"ALY\",\"\",\"\",\"\",\"\",\"\",\"\"],[52,\"ANNEX\",\"ANNEX\",\"ANX\",\"ANEX\",\"ANNX\",\"ANX\",\"\",\"\",\"\",\"\",\"\"],[53,\"ARCADE\",\"ARCADE\",\"ARC\",\"\",\"\",\"\",\"\",\"\",\"\",\"\",\"\"],[54,\"AVENUE\",\"AVENUE\",\"AVENU\",\"AVNUE\",\"AVN\",\"AVEN\",\"AVE\",\"AV\",\"\",\"\",\"\"],[55,\"BAYOU\",\"BAYOU\",\"BAYOO\",\"BYU\",\"\",\"\",\"\",\"\",\"\",\"\",\"\"],[56,\"BEACH\",\"BEACH\",\"BCH\",\"\",\"\",\"\",\"\",\"\",\"\",\"\",\"\"],[57,\"BEND\",\"BEND\",\"BND\",\"\",\"\",\"\",\"\",\"\",\"\",\"\",\"\"],[58,\"BLUFF\",\"BLUFF\",\"BLUF\",\"BLF\",\"\",\"\",\"\",\"\",\"\",\"\",\"\"],[59,\"BLUFFS\",\"BLUFFS\",\"BLFS\",\"\",\"\",\"\",\"\",\"\",\"\",\"\",\"\"],[60,\"BOTTOM\",\"BOTTOM\",\"BOT\",\"BTM\",\"\",\"\",\"\",\"\",\"\",\"\",\"\"],[61,\"BOULEVARD\",\"BOULEVARD\",\"BOULV\",\"BOUL\",\"BLVD\",\"\",\"\",\"\",\"\",\"\",\"\"],[62,\"BRANCH\",\"BRANCH\",\"BRNCH\",\"BR\",\"\",\"\",\"\",\"\",\"\",\"\",\"\"],[63,\"BRIDGE\",\"BRIDGE\",\"BRDGE\",\"BRG\",\"\",\"\",\"\",\"\",\"\",\"\",\"\"],[64,\"BROOK\",\"BROOK\",\"BRK\",\"\",\"\",\"\",\"\",\"\",\"\",\"\",\"\"],[65,\"BROOKS\",\"BROOKS\",\"BRKS\",\"\",\"\",\"\",\"\",\"\",\"\",\"\",\"\"],[66,\"BURG\",\"BURG\",\"BG\",\"\",\"\",\"\",\"\",\"\",\"\",\"\",\"\"],[67,\"BURGS\",\"BURGS\",\"BGS\",\"\",\"\",\"\",\"\",\"\",\"\",\"\",\"\"],[68,\"BYPASS\",\"BYPASS\",\"BYPAS\",\"BYPS\",\"BYPA\",\"BYP\",\"\",\"\",\"\",\"\",\"\"],[69,\"CAMP\",\"CAMP\",\"CMP\",\"CP\",\"\",\"\",\"\",\"\",\"\",\"\",\"\"],[70,\"CANYON\",\"CANYON\",\"CANYN\",\"CNYN\",\"CYN\",\"\",\"\",\"\",\"\",\"\",\"\"],[71,\"CAPE\",\"CAPE\",\"CPE\",\"\",\"\",\"\",\"\",\"\",\"\",\"\",\"\"],[72,\"CAUSEWAY\",\"CAUSEWAY\",\"CAUSWAY\",\"CSWY\",\"\",\"\",\"\",\"\",\"\",\"\",\"\"],[73,\"CENTER\",\"CENTER\",\"CENTRE\",\"CENTR\",\"CNTER\",\"CENT\",\"CNTR\",\"CEN\",\"CTR\",\"\",\"\"],[74,\"CENTERS\",\"CENTERS\",\"CTRS\",\"\",\"\",\"\",\"\",\"\",\"\",\"\",\"\"],[75,\"CIRCLE\",\"CIRCLE\",\"CRCLE\",\"CIRCL\",\"CIRC\",\"CRCL\",\"CIR\",\"\",\"\",\"\",\"\"],[76,\"CIRCLES\",\"CIRCLES\",\"CIRS\",\"\",\"\",\"\",\"\",\"\",\"\",\"\",\"\"],[77,\"CLIFF\",\"CLIFF\",\"CLF\",\"\",\"\",\"\",\"\",\"\",\"\",\"\",\"\"],[78,\"CLIFFS\",\"CLIFFS\",\"CLFS\",\"\",\"\",\"\",\"\",\"\",\"\",\"\",\"\"],[79,\"CLUB\",\"CLUB\",\"CLB\",\"\",\"\",\"\",\"\",\"\",\"\",\"\",\"\"],[80,\"COMMON\",\"COMMON\",\"CMN\",\"\",\"\",\"\",\"\",\"\",\"\",\"\",\"\"],[81,\"COMMONS\",\"COMMONS\",\"CMNS\",\"\",\"\",\"\",\"\",\"\",\"\",\"\",\"\"],[82,\"CORNER\",\"CORNER\",\"COR\",\"\",\"\",\"\",\"\",\"\",\"\",\"\",\"\"],[83,\"CORNERS\",\"CORNERS\",\"CORS\",\"\",\"\",\"\",\"\",\"\",\"\",\"\",\"\"],[84,\"COURSE\",\"COURSE\",\"CRSE\",\"\",\"\",\"\",\"\",\"\",\"\",\"\",\"\"],[85,\"COURT\",\"COURT\",\"CT\",\"CRT\",\"\",\"\",\"\",\"\",\"\",\"\",\"\"],[86,\"COURTS\",\"COURTS\",\"CTS\",\"CRTS\",\"\",\"\",\"\",\"\",\"\",\"\",\"\"],[87,\"COVE\",\"COVE\",\"CV\",\"\",\"\",\"\",\"\",\"\",\"\",\"\",\"\"],[88,\"COVES\",\"COVES\",\"CVS\",\"\",\"\",\"\",\"\",\"\",\"\",\"\",\"\"],[89,\"CREEK\",\"CREEK\",\"CRK\",\"\",\"\",\"\",\"\",\"\",\"\",\"\",\"\"],[90,\"CRESCENT\",\"CRESCENT\",\"CRSENT\",\"CRSNT\",\"CRES\",\"\",\"\",\"\",\"\",\"\",\"\"],[91,\"CREST\",\"CREST\",\"CRST\",\"\",\"\",\"\",\"\",\"\",\"\",\"\",\"\"],[92,\"CROSSING\",\"CROSSING\",\"CRSSNG\",\"XING\",\"\",\"\",\"\",\"\",\"\",\"\",\"\"],[93,\"CROSSROAD\",\"CROSSROAD\",\"XRD\",\"\",\"\",\"\",\"\",\"\",\"\",\"\",\"\"],[94,\"CROSSROADS\",\"CROSSROADS\",\"XRDS\",\"\",\"\",\"\",\"\",\"\",\"\",\"\",\"\"],[95,\"CURVE\",\"CURVE\",\"CURV\",\"\",\"\",\"\",\"\",\"\",\"\",\"\",\"\"],[96,\"DALE\",\"DALE\",\"DL\",\"\",\"\",\"\",\"\",\"\",\"\",\"\",\"\"],[97,\"DAM\",\"DAM\",\"DM\",\"\",\"\",\"\",\"\",\"\",\"\",\"\",\"\"],[98,\"DIVIDE\",\"DIVIDE\",\"DVD\",\"DIV\",\"DV\",\"\",\"\",\"\",\"\",\"\",\"\"],[99,\"DRIVE\",\"DRIVE\",\"DRIV\",\"DRV\",\"DR\",\"DREIVE\",\"\",\"\",\"\",\"\",\"\"],[100,\"DRIVES\",\"DRIVES\",\"DRS\",\"\",\"\",\"\",\"\",\"\",\"\",\"\",\"\"],[101,\"ESTATES\",\"ESTATES\",\"ESTS\",\"\",\"\",\"\",\"\",\"\",\"\",\"\",\"\"],[102,\"EXPRESSWAY\",\"EXPRESSWAY\",\"EXPRESS\",\"EXPR\",\"EXPW\",\"EXPY\",\"EXP\",\"EXPWY\",\"\",\"\",\"\"],[103,\"EXTENSION\",\"EXTENSION\",\"EXTNSN\",\"EXTN\",\"EXT\",\"\",\"\",\"\",\"\",\"\",\"\"],[104,\"EXTENSIONS\",\"EXTENSIONS\",\"EXTS\",\"\",\"\",\"\",\"\",\"\",\"\",\"\",\"\"],[105,\"FALL\",\"FALL\",\"\",\"\",\"\",\"\",\"\",\"\",\"\",\"\",\"\"],[106,\"FALLS\",\"FALLS\",\"FLS\",\"\",\"\",\"\",\"\",\"\",\"\",\"\",\"\"],[107,\"FERRY\",\"FERRY\",\"FRRY\",\"FRY\",\"\",\"\",\"\",\"\",\"\",\"\",\"\"],[108,\"FIELD\",\"FIELD\",\"FLD\",\"\",\"\",\"\",\"\",\"\",\"\",\"\",\"\"],[109,\"FIELDS\",\"FIELDS\",\"FLDS\",\"\",\"\",\"\",\"\",\"\",\"\",\"\",\"\"],[110,\"FORD\",\"FORD\",\"FRD\",\"\",\"\",\"\",\"\",\"\",\"\",\"\",\"\"],[111,\"FORDS\",\"FORDS\",\"FRDS\",\"\",\"\",\"\",\"\",\"\",\"\",\"\",\"\"],[112,\"FORESTS\",\"FORESTS\",\"FOREST\",\"FRST\",\"\",\"\",\"\",\"\",\"\",\"\",\"\"],[113,\"FORGE\",\"FORGE\",\"FORG\",\"FRG\",\"\",\"\",\"\",\"\",\"\",\"\",\"\"],[114,\"FORGES\",\"FORGES\",\"FRGS\",\"\",\"\",\"\",\"\",\"\",\"\",\"\",\"\"],[115,\"FORK\",\"FORK\",\"FRK\",\"\",\"\",\"\",\"\",\"\",\"\",\"\",\"\"],[116,\"FORKS\",\"FORKS\",\"FRKS\",\"\",\"\",\"\",\"\",\"\",\"\",\"\",\"\"],[117,\"FORT\",\"FORT\",\"FRT\",\"FT\",\"\",\"\",\"\",\"\",\"\",\"\",\"\"],[118,\"FREEWAY\",\"FREEWAY\",\"FREEWY\",\"FRWAY\",\"FRWY\",\"FWY\",\"\",\"\",\"\",\"\",\"\"],[119,\"GARDEN\",\"GARDEN\",\"GRDEN\",\"GARDN\",\"GRDN\",\"GDN\",\"\",\"\",\"\",\"\",\"\"],[120,\"GARDENS\",\"GARDENS\",\"GRDNS\",\"GDNS\",\"\",\"\",\"\",\"\",\"\",\"\",\"\"],[121,\"GATEWAY\",\"GATEWAY\",\"GATEWY\",\"GATWAY\",\"GTWAY\",\"GTWY\",\"\",\"\",\"\",\"\",\"\"],[122,\"GLEN\",\"GLEN\",\"GLN\",\"\",\"\",\"\",\"\",\"\",\"\",\"\",\"\"],[123,\"GLENS\",\"GLENS\",\"GLNS\",\"\",\"\",\"\",\"\",\"\",\"\",\"\",\"\"],[124,\"GREEN\",\"GREEN\",\"GRN\",\"\",\"\",\"\",\"\",\"\",\"\",\"\",\"\"],[125,\"GREENS\",\"GREENS\",\"GRNS\",\"\",\"\",\"\",\"\",\"\",\"\",\"\",\"\"],[126,\"GROVE\",\"GROVE\",\"GROV\",\"GRV\",\"\",\"\",\"\",\"\",\"\",\"\",\"\"],[127,\"GROVES\",\"GROVES\",\"GRVS\",\"\",\"\",\"\",\"\",\"\",\"\",\"\",\"\"],[128,\"HARBOR\",\"HARBOR\",\"HARB\",\"HARBR\",\"HBR\",\"HRBOR\",\"\",\"\",\"\",\"\",\"\"],[129,\"HARBORS\",\"HARBORS\",\"HBRS\",\"\",\"\",\"\",\"\",\"\",\"\",\"\",\"\"],[130,\"HAVEN\",\"HAVEN\",\"HVN\",\"\",\"\",\"\",\"\",\"\",\"\",\"\",\"\"],[131,\"HEIGHTS\",\"HEIGHTS\",\"HTS\",\"\",\"\",\"\",\"\",\"\",\"\",\"\",\"\"],[132,\"HIGHWAY\",\"HIGHWAY\",\"HIGHWY\",\"HIWAY\",\"HIWY\",\"HWAY\",\"HWY\",\"\",\"\",\"\",\"\"],[133,\"HILL\",\"HILL\",\"\",\"\",\"\",\"\",\"\",\"\",\"\",\"\",\"\"],[134,\"HL\",\"HL\",\"\",\"\",\"\",\"\",\"\",\"\",\"\",\"\",\"\"],[135,\"HILLS\",\"HILLS\",\"HLS\",\"\",\"\",\"\",\"\",\"\",\"\",\"\",\"\"],[136,\"HOLLOW\",\"HOLLOW\",\"HLLW\",\"HOLLOWS\",\"HOLW\",\"HOLWS\",\"\",\"\",\"\",\"\",\"\"],[137,\"INLET\",\"INLET\",\"INLT\",\"\",\"\",\"\",\"\",\"\",\"\",\"\",\"\"],[138,\"ISLAND\",\"ISLAND\",\"IS\",\"ISLND\",\"\",\"\",\"\",\"\",\"\",\"\",\"\"],[139,\"ISLANDS\",\"ISLANDS\",\"ISLNDS\",\"ISS\",\"\",\"\",\"\",\"\",\"\",\"\",\"\"],[140,\"ISLE\",\"ISLE\",\"ISLES\",\"\",\"\",\"\",\"\",\"\",\"\",\"\",\"\"],[141,\"JUNCTION\",\"JUNCTION\",\"JCTION\",\"JCTN\",\"JUNCTN\",\"JUNCTON\",\"JCT\",\"\",\"\",\"\",\"\"],[142,\"JUNCTIONS\",\"JUNCTIONS\",\"JCTS\",\"JCTNS\",\"\",\"\",\"\",\"\",\"\",\"\",\"\"],[143,\"KEY\",\"KEY\",\"KY\",\"\",\"\",\"\",\"\",\"\",\"\",\"\",\"\"],[144,\"KEYS\",\"KEYS\",\"KYS\",\"\",\"\",\"\",\"\",\"\",\"\",\"\",\"\"],[145,\"KNOLL\",\"KNOLL\",\"KNOL\",\"KNL\",\"\",\"\",\"\",\"\",\"\",\"\",\"\"],[146,\"KNOLLS\",\"KNOLLS\",\"KNLS\",\"\",\"\",\"\",\"\",\"\",\"\",\"\",\"\"],[147,\"LAKE\",\"LAKE\",\"LK\",\"\",\"\",\"\",\"\",\"\",\"\",\"\",\"\"],[148,\"LAKES\",\"LAKES\",\"LKS\",\"\",\"\",\"\",\"\",\"\",\"\",\"\",\"\"],[149,\"LAND\",\"LAND\",\"\",\"\",\"\",\"\",\"\",\"\",\"\",\"\",\"\"],[150,\"LANDING\",\"LANDING\",\"LNDG\",\"LNDNG\",\"\",\"\",\"\",\"\",\"\",\"\",\"\"],[151,\"LANE\",\"LANE\",\"LN\",\"LA\",\"\",\"\",\"\",\"\",\"\",\"\",\"\"],[152,\"LIGHT\",\"LIGHT\",\"LGT\",\"\",\"\",\"\",\"\",\"\",\"\",\"\",\"\"],[153,\"LIGHTS\",\"LIGHTS\",\"LGTS\",\"\",\"\",\"\",\"\",\"\",\"\",\"\",\"\"],[154,\"LOAF\",\"LOAF\",\"LF\",\"\",\"\",\"\",\"\",\"\",\"\",\"\",\"\"],[155,\"LOCK\",\"LOCK\",\"LCK\",\"\",\"\",\"\",\"\",\"\",\"\",\"\",\"\"],[156,\"LOCKS\",\"LOCKS\",\"LCKS\",\"\",\"\",\"\",\"\",\"\",\"\",\"\",\"\"],[157,\"LODGE\",\"LODGE\",\"LDGE\",\"LODG\",\"LDG\",\"\",\"\",\"\",\"\",\"\",\"\"],[158,\"LOOP\",\"LOOP\",\"LOOPS\",\"\",\"\",\"\",\"\",\"\",\"\",\"\",\"\"],[159,\"MALL\",\"MALL\",\"\",\"\",\"\",\"\",\"\",\"\",\"\",\"\",\"\"],[160,\"MEADOW\",\"MEADOW\",\"MDW\",\"\",\"\",\"\",\"\",\"\",\"\",\"\",\"\"],[161,\"MEADOWS\",\"MEADOWS\",\"MEDOWS\",\"MDWS\",\"\",\"\",\"\",\"\",\"\",\"\",\"\"],[162,\"MANOR\",\"MANOR\",\"MNR\",\"\",\"\",\"\",\"\",\"\",\"\",\"\",\"\"],[163,\"MANORS\",\"MANORS\",\"MNRS\",\"\",\"\",\"\",\"\",\"\",\"\",\"\",\"\"],[164,\"MEWS\",\"MEWS\",\"\",\"\",\"\",\"\",\"\",\"\",\"\",\"\",\"\"],[165,\"MILL\",\"MILL\",\"ML\",\"\",\"\",\"\",\"\",\"\",\"\",\"\",\"\"],[166,\"MILLS\",\"MILLS\",\"MLS\",\"\",\"\",\"\",\"\",\"\",\"\",\"\",\"\"],[167,\"MISSN\",\"MISSN\",\"MSSN\",\"\",\"\",\"\",\"\",\"\",\"\",\"\",\"\"],[168,\"MOTORWAY\",\"MOTORWAY\",\"MTWY\",\"MTRWY\",\"\",\"\",\"\",\"\",\"\",\"\",\"\"],[169,\"MOUNT\",\"MOUNT\",\"MNT\",\"MT\",\"\",\"\",\"\",\"\",\"\",\"\",\"\"],[170,\"MOUNTAIN\",\"MOUNTAIN\",\"MNTN\",\"MNTAIN\",\"MOUNTIN\",\"MTIN\",\"MTN\",\"\",\"\",\"\",\"\"],[171,\"MOUNTAINS\",\"MOUNTAINS\",\"MNTNS\",\"MTNS\",\"\",\"\",\"\",\"\",\"\",\"\",\"\"],[172,\"NECK\",\"NECK\",\"NCK\",\"\",\"\",\"\",\"\",\"\",\"\",\"\",\"\"],[173,\"ORCHARD\",\"ORCHARD\",\"ORCHRD\",\"ORCH\",\"\",\"\",\"\",\"\",\"\",\"\",\"\"],[174,\"OVAL\",\"OVAL\",\"OVL\",\"\",\"\",\"\",\"\",\"\",\"\",\"\",\"\"],[175,\"OVERPASS\",\"OVERPASS\",\"OPAS\",\"\",\"\",\"\",\"\",\"\",\"\",\"\",\"\"],[176,\"PARK\",\"PARK\",\"PRK\",\"PK\",\"PARKS\",\"\",\"\",\"\",\"\",\"\",\"\"],[177,\"PARKWAY\",\"PARKWAY\",\"PARKWY\",\"PKWAY\",\"PKWY\",\"PKY\",\"PRKWAY\",\"PRKWY\",\"PARK WAY\",\"PARKWAYS\",\"PKWYS\"],[178,\"PASS\",\"PASS\",\"\",\"\",\"\",\"\",\"\",\"\",\"\",\"\",\"\"],[179,\"PASSAGE\",\"PASSAGE\",\"PSGE\",\"\",\"\",\"\",\"\",\"\",\"\",\"\",\"\"],[180,\"PATH\",\"PATH\",\"PATHS\",\"\",\"\",\"\",\"\",\"\",\"\",\"\",\"\"],[181,\"PIKE\",\"PIKE\",\"PIKES\",\"\",\"\",\"\",\"\",\"\",\"\",\"\",\"\"],[182,\"PINE\",\"PINE\",\"PNE\",\"\",\"\",\"\",\"\",\"\",\"\",\"\",\"\"],[183,\"PINES\",\"PINES\",\"PNES\",\"\",\"\",\"\",\"\",\"\",\"\",\"\",\"\"],[184,\"PLACE\",\"PLACE\",\"PL\",\"\",\"\",\"\",\"\",\"\",\"\",\"\",\"\"],[185,\"PLAIN\",\"PLAIN\",\"PLN\",\"\",\"\",\"\",\"\",\"\",\"\",\"\",\"\"],[186,\"PLAINS\",\"PLAINS\",\"PLNS\",\"\",\"\",\"\",\"\",\"\",\"\",\"\",\"\"],[187,\"PLAZA\",\"PLAZA\",\"PLZ\",\"PLZA\",\"\",\"\",\"\",\"\",\"\",\"\",\"\"],[188,\"POINT\",\"POINT\",\"PT\",\"\",\"\",\"\",\"\",\"\",\"\",\"\",\"\"],[189,\"POINTS\",\"POINTS\",\"PTS\",\"\",\"\",\"\",\"\",\"\",\"\",\"\",\"\"],[190,\"PORT\",\"PORT\",\"PRT\",\"\",\"\",\"\",\"\",\"\",\"\",\"\",\"\"],[191,\"PORTS\",\"PORTS\",\"PRTS\",\"\",\"\",\"\",\"\",\"\",\"\",\"\",\"\"],[192,\"PRAIRIE\",\"PRAIRIE\",\"PR\",\"PRR\",\"\",\"\",\"\",\"\",\"\",\"\",\"\"],[193,\"RADIAL\",\"RADIAL\",\"RAD\",\"RADIEL\",\"RADL\",\"\",\"\",\"\",\"\",\"\",\"\"],[194,\"RAMP\",\"RAMP\",\"\",\"\",\"\",\"\",\"\",\"\",\"\",\"\",\"\"],[195,\"RANCH\",\"RANCH\",\"RANCHES\",\"RNCH\",\"RNCHS\",\"\",\"\",\"\",\"\",\"\",\"\"],[196,\"RAPID\",\"RAPID\",\"RPD\",\"\",\"\",\"\",\"\",\"\",\"\",\"\",\"\"],[197,\"RAPIDS\",\"RAPIDS\",\"RPDS\",\"\",\"\",\"\",\"\",\"\",\"\",\"\",\"\"],[198,\"REST\",\"REST\",\"RST\",\"\",\"\",\"\",\"\",\"\",\"\",\"\",\"\"],[199,\"RIDGE\",\"RIDGE\",\"RDGE\",\"RDG\",\"\",\"\",\"\",\"\",\"\",\"\",\"\"],[200,\"RIDGES\",\"RIDGES\",\"RDGS\",\"\",\"\",\"\",\"\",\"\",\"\",\"\",\"\"],[201,\"RIVER\",\"RIVER\",\"RVR\",\"RIVR\",\"RIV\",\"\",\"\",\"\",\"\",\"\",\"\"],[202,\"ROAD\",\"ROAD\",\"RAOD\",\"RD\",\"\",\"\",\"\",\"\",\"\",\"\",\"\"],[203,\"ROADS\",\"ROADS\",\"RDS\",\"\",\"\",\"\",\"\",\"\",\"\",\"\",\"\"],[204,\"ROUTE\",\"ROUTE\",\"RTE\",\"RT\",\"\",\"\",\"\",\"\",\"\",\"\",\"\"],[205,\"ROW\",\"ROW\",\"\",\"\",\"\",\"\",\"\",\"\",\"\",\"\",\"\"],[206,\"RUE\",\"RUE\",\"\",\"\",\"\",\"\",\"\",\"\",\"\",\"\",\"\"],[207,\"RUN\",\"RUN\",\"\",\"\",\"\",\"\",\"\",\"\",\"\",\"\",\"\"],[208,\"SHOAL\",\"SHOAL\",\"SHL\",\"\",\"\",\"\",\"\",\"\",\"\",\"\",\"\"],[209,\"SHOALS\",\"SHOALS\",\"SHLS\",\"\",\"\",\"\",\"\",\"\",\"\",\"\",\"\"],[210,\"SHORE\",\"SHORE\",\"SHOAR\",\"SHR\",\"\",\"\",\"\",\"\",\"\",\"\",\"\"],[211,\"SHORES\",\"SHORES\",\"SHOARS\",\"SHRS\",\"\",\"\",\"\",\"\",\"\",\"\",\"\"],[212,\"SKYWAY\",\"SKYWAY\",\"SKWY\",\"\",\"\",\"\",\"\",\"\",\"\",\"\",\"\"],[213,\"SPRING\",\"SPRING\",\"SPNG\",\"SPRNG\",\"SPG\",\"\",\"\",\"\",\"\",\"\",\"\"],[214,\"SPRINGS\",\"SPRINGS\",\"SPRNGS\",\"SPNGS\",\"SPGS\",\"\",\"\",\"\",\"\",\"\",\"\"],[215,\"SPUR\",\"SPUR\",\"SPURS\",\"\",\"\",\"\",\"\",\"\",\"\",\"\",\"\"],[216,\"SQUARE\",\"SQUARE\",\"SQR\",\"SQRE\",\"SQU\",\"SQ\",\"\",\"\",\"\",\"\",\"\"],[217,\"SQUARES\",\"SQUARES\",\"SQS\",\"\",\"\",\"\",\"\",\"\",\"\",\"\",\"\"],[218,\"STATION\",\"STATION\",\"STATN\",\"STN\",\"STA\",\"\",\"\",\"\",\"\",\"\",\"\"],[219,\"STRAVENUE\",\"STRAVENUE\",\"STRAV\",\"STRAVEN\",\"STRAVN\",\"STRVN\",\"STRVNUE\",\"STRA\",\"\",\"\",\"\"],[220,\"STREAM\",\"STREAM\",\"STREME\",\"STRM\",\"\",\"\",\"\",\"\",\"\",\"\",\"\"],[221,\"STREET\",\"STREET\",\"STRT\",\"ST\",\"STR\",\"STREE\",\"STRETE\",\"STREEET\",\"\",\"\",\"\"],[222,\"STREETS\",\"STREETS\",\"STS\",\"\",\"\",\"\",\"\",\"\",\"\",\"\",\"\"],[223,\"SUMMIT\",\"SUMMIT\",\"SUMIT\",\"SUMITT\",\"SMT\",\"\",\"\",\"\",\"\",\"\",\"\"],[224,\"TERRACE\",\"TERRACE\",\"TERR\",\"TER\",\"\",\"\",\"\",\"\",\"\",\"\",\"\"],[225,\"THROUGHWAY\",\"THROUGHWAY\",\"TRWY\",\"\",\"\",\"\",\"\",\"\",\"\",\"\",\"\"],[226,\"TOWNSHIP\",\"TOWNSHIP\",\"TWP\",\"TWSP\",\"\",\"\",\"\",\"\",\"\",\"\",\"\"],[227,\"TRACE\",\"TRACE\",\"TRACES\",\"TRCE\",\"\",\"\",\"\",\"\",\"\",\"\",\"\"],[228,\"TRACK\",\"TRACK\",\"TRACKS\",\"TRAK\",\"TRK\",\"TRKS\",\"\",\"\",\"\",\"\",\"\"],[229,\"TRAFFICWAY\",\"TRAFFICWAY\",\"TRFY\",\"\",\"\",\"\",\"\",\"\",\"\",\"\",\"\"],[230,\"TRAIL\",\"TRAIL\",\"TRAILS\",\"TRL\",\"TRLS\",\"\",\"\",\"\",\"\",\"\",\"\"],[231,\"TRAILER\",\"TRAILER\",\"TRLR\",\"TRLRS\",\"\",\"\",\"\",\"\",\"\",\"\",\"\"],[232,\"TUNNEL\",\"TUNNEL\",\"TUNL\",\"TUNLS\",\"TUNEL\",\"TUNNELS\",\"TUNNL\",\"\",\"\",\"\",\"\"],[233,\"TURNPIKE\",\"TURNPIKE\",\"TPKE\",\"TURNPK\",\"TPK\",\"TRNPK\",\"\",\"\",\"\",\"\",\"\"],[234,\"UNDERPASS\",\"UNDERPASS\",\"UPAS\",\"\",\"\",\"\",\"\",\"\",\"\",\"\",\"\"],[235,\"UNION\",\"UNION\",\"UN\",\"\",\"\",\"\",\"\",\"\",\"\",\"\",\"\"],[236,\"UNIONS\",\"UNIONS\",\"UNS\",\"\",\"\",\"\",\"\",\"\",\"\",\"\",\"\"],[237,\"VALLEY\",\"VALLEY\",\"VALLY\",\"VLLY\",\"VLY\",\"\",\"\",\"\",\"\",\"\",\"\"],[238,\"VALLEYS\",\"VALLEYS\",\"VLYS\",\"\",\"\",\"\",\"\",\"\",\"\",\"\",\"\"],[239,\"VDCT\",\"VDCT\",\"VIA\",\"VIADCT\",\"VIADUCT\",\"\",\"\",\"\",\"\",\"\",\"\"],[240,\"VIEW\",\"VIEW\",\"VW\",\"\",\"\",\"\",\"\",\"\",\"\",\"\",\"\"],[241,\"VIEWS\",\"VIEWS\",\"VWS\",\"\",\"\",\"\",\"\",\"\",\"\",\"\",\"\"],[242,\"VILLAGE\",\"VILLAGE\",\"VILLAG\",\"VILL\",\"VILLG\",\"VILLIAGE\",\"VLG\",\"\",\"\",\"\",\"\"],[243,\"VILLAGES\",\"VILLAGES\",\"VLGS\",\"\",\"\",\"\",\"\",\"\",\"\",\"\",\"\"],[244,\"VILLE\",\"VILLE\",\"VL\",\"\",\"\",\"\",\"\",\"\",\"\",\"\",\"\"],[245,\"VISTA\",\"VISTA\",\"VIST\",\"VIS\",\"VST\",\"VSTA\",\"\",\"\",\"\",\"\",\"\"],[246,\"WALK\",\"WALK\",\"WALKS\",\"\",\"\",\"\",\"\",\"\",\"\",\"\",\"\"],[247,\"WALL\",\"WALL\",\"\",\"\",\"\",\"\",\"\",\"\",\"\",\"\",\"\"],[248,\"WAY\",\"WAY\",\"WY\",\"\",\"\",\"\",\"\",\"\",\"\",\"\",\"\"],[249,\"WAYS\",\"WAYS\",\"WYS\",\"\",\"\",\"\",\"\",\"\",\"\",\"\",\"\"],[250,\"WELL\",\"WELL\",\"WL\",\"\",\"\",\"\",\"\",\"\",\"\",\"\",\"\"],[251,\"WELLS\",\"WELLS\",\"WLS\",\"\",\"\",\"\",\"\",\"\",\"\",\"\",\"\"],[252,\"WOOD\",\"WOOD\",\"WD\",\"\",\"\",\"\",\"\",\"\",\"\",\"\",\"\"],[253,\"WOODS\",\"WOODS\",\"\",\"\",\"\",\"\",\"\",\"\",\"\",\"\",\"\"],[254,\"YARD\",\"YARD\",\"YRD\",\"\",\"\",\"\",\"\",\"\",\"\",\"\",\"\"],[255,\"ACRES\",\"ACRES\",\"\",\"\",\"\",\"\",\"\",\"\",\"\",\"\",\"\"],[256,\"ALY\",\"ALLEY\",\"ALLEE\",\"ALLY\",\"ALY\",\"\",\"\",\"\",\"\",\"\",\"\"],[257,\"ANX\",\"ANNEX\",\"ANEX\",\"ANNX\",\"ANX\",\"\",\"\",\"\",\"\",\"\",\"\"],[258,\"ARC\",\"ARCADE\",\"ARC\",\"\",\"\",\"\",\"\",\"\",\"\",\"\",\"\"],[259,\"AVE\",\"AVENUE\",\"AVENU\",\"AVNUE\",\"AVN\",\"AVEN\",\"AVE\",\"AV\",\"\",\"\",\"\"],[260,\"BYU\",\"BAYOU\",\"BAYOO\",\"BYU\",\"\",\"\",\"\",\"\",\"\",\"\",\"\"],[261,\"BCH\",\"BEACH\",\"BCH\",\"\",\"\",\"\",\"\",\"\",\"\",\"\",\"\"],[262,\"BND\",\"BEND\",\"BND\",\"\",\"\",\"\",\"\",\"\",\"\",\"\",\"\"],[263,\"BLF\",\"BLUFF\",\"BLUF\",\"BLF\",\"\",\"\",\"\",\"\",\"\",\"\",\"\"],[264,\"BLFS\",\"BLUFFS\",\"BLFS\",\"\",\"\",\"\",\"\",\"\",\"\",\"\",\"\"],[265,\"BTM\",\"BOTTOM\",\"BOT\",\"BTM\",\"\",\"\",\"\",\"\",\"\",\"\",\"\"],[266,\"BLVD\",\"BOULEVARD\",\"BOULV\",\"BOUL\",\"BLVD\",\"\",\"\",\"\",\"\",\"\",\"\"],[267,\"BR\",\"BRANCH\",\"BRNCH\",\"BR\",\"\",\"\",\"\",\"\",\"\",\"\",\"\"],[268,\"BRG\",\"BRIDGE\",\"BRDGE\",\"BRG\",\"\",\"\",\"\",\"\",\"\",\"\",\"\"],[269,\"BRK\",\"BROOK\",\"BRK\",\"\",\"\",\"\",\"\",\"\",\"\",\"\",\"\"],[270,\"BRKS\",\"BROOKS\",\"BRKS\",\"\",\"\",\"\",\"\",\"\",\"\",\"\",\"\"],[271,\"BG\",\"BURG\",\"BG\",\"\",\"\",\"\",\"\",\"\",\"\",\"\",\"\"],[272,\"BGS\",\"BURGS\",\"BGS\",\"\",\"\",\"\",\"\",\"\",\"\",\"\",\"\"],[273,\"BYP\",\"BYPASS\",\"BYPAS\",\"BYPS\",\"BYPA\",\"BYP\",\"\",\"\",\"\",\"\",\"\"],[274,\"CP\",\"CAMP\",\"CMP\",\"CP\",\"\",\"\",\"\",\"\",\"\",\"\",\"\"],[275,\"CYN\",\"CANYON\",\"CANYN\",\"CNYN\",\"CYN\",\"\",\"\",\"\",\"\",\"\",\"\"],[276,\"CPE\",\"CAPE\",\"CPE\",\"\",\"\",\"\",\"\",\"\",\"\",\"\",\"\"],[277,\"CSWY\",\"CAUSEWAY\",\"CAUSWAY\",\"CSWY\",\"\",\"\",\"\",\"\",\"\",\"\",\"\"],[278,\"CTR\",\"CENTER\",\"CENTRE\",\"CENTR\",\"CNTER\",\"CENT\",\"CNTR\",\"CEN\",\"CTR\",\"\",\"\"],[279,\"CTRS\",\"CENTERS\",\"CTRS\",\"\",\"\",\"\",\"\",\"\",\"\",\"\",\"\"],[280,\"CIR\",\"CIRCLE\",\"CRCLE\",\"CIRCL\",\"CIRC\",\"CRCL\",\"CIR\",\"\",\"\",\"\",\"\"],[281,\"CIRS\",\"CIRCLES\",\"CIRS\",\"\",\"\",\"\",\"\",\"\",\"\",\"\",\"\"],[282,\"CLF\",\"CLIFF\",\"CLF\",\"\",\"\",\"\",\"\",\"\",\"\",\"\",\"\"],[283,\"CLFS\",\"CLIFFS\",\"CLFS\",\"\",\"\",\"\",\"\",\"\",\"\",\"\",\"\"],[284,\"CLB\",\"CLUB\",\"CLB\",\"\",\"\",\"\",\"\",\"\",\"\",\"\",\"\"],[285,\"CMN\",\"COMMON\",\"CMN\",\"\",\"\",\"\",\"\",\"\",\"\",\"\",\"\"],[286,\"CMNS\",\"COMMONS\",\"CMNS\",\"\",\"\",\"\",\"\",\"\",\"\",\"\",\"\"],[287,\"COR\",\"CORNER\",\"COR\",\"\",\"\",\"\",\"\",\"\",\"\",\"\",\"\"],[288,\"CORS\",\"CORNERS\",\"CORS\",\"\",\"\",\"\",\"\",\"\",\"\",\"\",\"\"],[289,\"CRSE\",\"COURSE\",\"CRSE\",\"\",\"\",\"\",\"\",\"\",\"\",\"\",\"\"],[290,\"CT\",\"COURT\",\"CT\",\"CRT\",\"\",\"\",\"\",\"\",\"\",\"\",\"\"],[291,\"CTS\",\"COURTS\",\"CTS\",\"CRTS\",\"\",\"\",\"\",\"\",\"\",\"\",\"\"],[292,\"CV\",\"COVE\",\"CV\",\"\",\"\",\"\",\"\",\"\",\"\",\"\",\"\"],[293,\"CVS\",\"COVES\",\"CVS\",\"\",\"\",\"\",\"\",\"\",\"\",\"\",\"\"],[294,\"CRK\",\"CREEK\",\"CRK\",\"\",\"\",\"\",\"\",\"\",\"\",\"\",\"\"],[295,\"CRES\",\"CRESCENT\",\"CRSENT\",\"CRSNT\",\"CRES\",\"\",\"\",\"\",\"\",\"\",\"\"],[296,\"CRST\",\"CREST\",\"CRST\",\"\",\"\",\"\",\"\",\"\",\"\",\"\",\"\"],[297,\"XING\",\"CROSSING\",\"CRSSNG\",\"XING\",\"\",\"\",\"\",\"\",\"\",\"\",\"\"],[298,\"XRD\",\"CROSSROAD\",\"XRD\",\"\",\"\",\"\",\"\",\"\",\"\",\"\",\"\"],[299,\"XRDS\",\"CROSSROADS\",\"XRDS\",\"\",\"\",\"\",\"\",\"\",\"\",\"\",\"\"],[300,\"CURV\",\"CURVE\",\"CURV\",\"\",\"\",\"\",\"\",\"\",\"\",\"\",\"\"],[301,\"DL\",\"DALE\",\"DL\",\"\",\"\",\"\",\"\",\"\",\"\",\"\",\"\"],[302,\"DM\",\"DAM\",\"DM\",\"\",\"\",\"\",\"\",\"\",\"\",\"\",\"\"],[303,\"DV\",\"DIVIDE\",\"DVD\",\"DIV\",\"DV\",\"\",\"\",\"\",\"\",\"\",\"\"],[304,\"DR\",\"DRIVE\",\"DRIV\",\"DRV\",\"DR\",\"DREIVE\",\"\",\"\",\"\",\"\",\"\"],[305,\"DRS\",\"DRIVES\",\"DRS\",\"\",\"\",\"\",\"\",\"\",\"\",\"\",\"\"],[306,\"ESTS\",\"ESTATES\",\"ESTS\",\"\",\"\",\"\",\"\",\"\",\"\",\"\",\"\"],[307,\"EXPY\",\"EXPRESSWAY\",\"EXPRESS\",\"EXPR\",\"EXPW\",\"EXPY\",\"EXP\",\"EXPWY\",\"\",\"\",\"\"],[308,\"EXT\",\"EXTENSION\",\"EXTNSN\",\"EXTN\",\"EXT\",\"\",\"\",\"\",\"\",\"\",\"\"],[309,\"EXTS\",\"EXTENSIONS\",\"EXTS\",\"\",\"\",\"\",\"\",\"\",\"\",\"\",\"\"],[310,\"FALL\",\"FALL\",\"\",\"\",\"\",\"\",\"\",\"\",\"\",\"\",\"\"],[311,\"FLS\",\"FALLS\",\"FLS\",\"\",\"\",\"\",\"\",\"\",\"\",\"\",\"\"],[312,\"FRY\",\"FERRY\",\"FRRY\",\"FRY\",\"\",\"\",\"\",\"\",\"\",\"\",\"\"],[313,\"FLD\",\"FIELD\",\"FLD\",\"\",\"\",\"\",\"\",\"\",\"\",\"\",\"\"],[314,\"FLDS\",\"FIELDS\",\"FLDS\",\"\",\"\",\"\",\"\",\"\",\"\",\"\",\"\"],[315,\"FRD\",\"FORD\",\"FRD\",\"\",\"\",\"\",\"\",\"\",\"\",\"\",\"\"],[316,\"FRDS\",\"FORDS\",\"FRDS\",\"\",\"\",\"\",\"\",\"\",\"\",\"\",\"\"],[317,\"FRST\",\"FORESTS\",\"FOREST\",\"FRST\",\"\",\"\",\"\",\"\",\"\",\"\",\"\"],[318,\"FRG\",\"FORGE\",\"FORG\",\"FRG\",\"\",\"\",\"\",\"\",\"\",\"\",\"\"],[319,\"FRGS\",\"FORGES\",\"FRGS\",\"\",\"\",\"\",\"\",\"\",\"\",\"\",\"\"],[320,\"FRK\",\"FORK\",\"FRK\",\"\",\"\",\"\",\"\",\"\",\"\",\"\",\"\"],[321,\"FRKS\",\"FORKS\",\"FRKS\",\"\",\"\",\"\",\"\",\"\",\"\",\"\",\"\"],[322,\"FT\",\"FORT\",\"FRT\",\"FT\",\"\",\"\",\"\",\"\",\"\",\"\",\"\"],[323,\"FWY\",\"FREEWAY\",\"FREEWY\",\"FRWAY\",\"FRWY\",\"FWY\",\"\",\"\",\"\",\"\",\"\"],[324,\"GARDEN\",\"GARDEN\",\"\",\"\",\"\",\"\",\"\",\"\",\"\",\"\",\"\"],[325,\"GDN\",\"GRDEN\",\"GARDN\",\"GRDN\",\"GDN\",\"\",\"\",\"\",\"\",\"\",\"\"],[326,\"GARDENS\",\"GARDENS\",\"\",\"\",\"\",\"\",\"\",\"\",\"\",\"\",\"\"],[327,\"GDNS\",\"GRDNS\",\"GDNS\",\"\",\"\",\"\",\"\",\"\",\"\",\"\",\"\"],[328,\"GTWY\",\"GATEWAY\",\"GATEWY\",\"GATWAY\",\"GTWAY\",\"GTWY\",\"\",\"\",\"\",\"\",\"\"],[329,\"GLN\",\"GLEN\",\"GLN\",\"\",\"\",\"\",\"\",\"\",\"\",\"\",\"\"],[330,\"GLNS\",\"GLENS\",\"GLNS\",\"\",\"\",\"\",\"\",\"\",\"\",\"\",\"\"],[331,\"GRN\",\"GREEN\",\"GRN\",\"\",\"\",\"\",\"\",\"\",\"\",\"\",\"\"],[332,\"GRNS\",\"GREENS\",\"GRNS\",\"\",\"\",\"\",\"\",\"\",\"\",\"\",\"\"],[333,\"GRV\",\"GROVE\",\"GROV\",\"GRV\",\"\",\"\",\"\",\"\",\"\",\"\",\"\"],[334,\"GRVS\",\"GROVES\",\"GRVS\",\"\",\"\",\"\",\"\",\"\",\"\",\"\",\"\"],[335,\"HBR\",\"HARBOR\",\"HARB\",\"HARBR\",\"HBR\",\"HRBOR\",\"\",\"\",\"\",\"\",\"\"],[336,\"HBRS\",\"HARBORS\",\"HBRS\",\"\",\"\",\"\",\"\",\"\",\"\",\"\",\"\"],[337,\"HVN\",\"HAVEN\",\"HVN\",\"\",\"\",\"\",\"\",\"\",\"\",\"\",\"\"],[338,\"HTS\",\"HEIGHTS\",\"HTS\",\"\",\"\",\"\",\"\",\"\",\"\",\"\",\"\"],[339,\"HWY\",\"HIGHWAY\",\"HIGHWY\",\"HIWAY\",\"HIWY\",\"HWAY\",\"HWY\",\"\",\"\",\"\",\"\"],[340,\"HILL\",\"HILL\",\"\",\"\",\"\",\"\",\"\",\"\",\"\",\"\",\"\"],[341,\"HL\",\"HL\",\"\",\"\",\"\",\"\",\"\",\"\",\"\",\"\",\"\"],[342,\"HLS\",\"HILLS\",\"HLS\",\"\",\"\",\"\",\"\",\"\",\"\",\"\",\"\"],[343,\"HOLW\",\"HOLLOW\",\"HLLW\",\"HOLLOWS\",\"HOLW\",\"HOLWS\",\"\",\"\",\"\",\"\",\"\"],[344,\"INLT\",\"INLET\",\"INLT\",\"\",\"\",\"\",\"\",\"\",\"\",\"\",\"\"],[345,\"IS\",\"ISLAND\",\"IS\",\"ISLND\",\"\",\"\",\"\",\"\",\"\",\"\",\"\"],[346,\"ISS\",\"ISLANDS\",\"ISLNDS\",\"ISS\",\"\",\"\",\"\",\"\",\"\",\"\",\"\"],[347,\"ISLE\",\"ISLE\",\"ISLES\",\"\",\"\",\"\",\"\",\"\",\"\",\"\",\"\"],[348,\"JCT\",\"JUNCTION\",\"JCTION\",\"JCTN\",\"JUNCTN\",\"JUNCTON\",\"JCT\",\"\",\"\",\"\",\"\"],[349,\"JCTS\",\"JUNCTIONS\",\"JCTS\",\"JCTNS\",\"\",\"\",\"\",\"\",\"\",\"\",\"\"],[350,\"KY\",\"KEY\",\"KY\",\"\",\"\",\"\",\"\",\"\",\"\",\"\",\"\"],[351,\"KYS\",\"KEYS\",\"KYS\",\"\",\"\",\"\",\"\",\"\",\"\",\"\",\"\"],[352,\"KNL\",\"KNOLL\",\"KNOL\",\"KNL\",\"\",\"\",\"\",\"\",\"\",\"\",\"\"],[353,\"KNLS\",\"KNOLLS\",\"KNLS\",\"\",\"\",\"\",\"\",\"\",\"\",\"\",\"\"],[354,\"LK\",\"LAKE\",\"LK\",\"\",\"\",\"\",\"\",\"\",\"\",\"\",\"\"],[355,\"LKS\",\"LAKES\",\"LKS\",\"\",\"\",\"\",\"\",\"\",\"\",\"\",\"\"],[356,\"LAND\",\"LAND\",\"\",\"\",\"\",\"\",\"\",\"\",\"\",\"\",\"\"],[357,\"LNDG\",\"LANDING\",\"LNDG\",\"LNDNG\",\"\",\"\",\"\",\"\",\"\",\"\",\"\"],[358,\"LN\",\"LANE\",\"LN\",\"LA\",\"\",\"\",\"\",\"\",\"\",\"\",\"\"],[359,\"LGT\",\"LIGHT\",\"LGT\",\"\",\"\",\"\",\"\",\"\",\"\",\"\",\"\"],[360,\"LGTS\",\"LIGHTS\",\"LGTS\",\"\",\"\",\"\",\"\",\"\",\"\",\"\",\"\"],[361,\"LF\",\"LOAF\",\"LF\",\"\",\"\",\"\",\"\",\"\",\"\",\"\",\"\"],[362,\"LCK\",\"LOCK\",\"LCK\",\"\",\"\",\"\",\"\",\"\",\"\",\"\",\"\"],[363,\"LCKS\",\"LOCKS\",\"LCKS\",\"\",\"\",\"\",\"\",\"\",\"\",\"\",\"\"],[364,\"LDG\",\"LODGE\",\"LDGE\",\"LODG\",\"LDG\",\"\",\"\",\"\",\"\",\"\",\"\"],[365,\"LOOP\",\"LOOP\",\"LOOPS\",\"\",\"\",\"\",\"\",\"\",\"\",\"\",\"\"],[366,\"MALL\",\"MALL\",\"\",\"\",\"\",\"\",\"\",\"\",\"\",\"\",\"\"],[367,\"MEADOW\",\"MEADOW\",\"\",\"\",\"\",\"\",\"\",\"\",\"\",\"\",\"\"],[368,\"MEADOWS\",\"MEADOWS\",\"MEDOWS\",\"\",\"\",\"\",\"\",\"\",\"\",\"\",\"\"],[369,\"MNR\",\"MANOR\",\"MNR\",\"\",\"\",\"\",\"\",\"\",\"\",\"\",\"\"],[370,\"MNRS\",\"MANORS\",\"MNRS\",\"\",\"\",\"\",\"\",\"\",\"\",\"\",\"\"],[371,\"MDW\",\"MDW\",\"\",\"\",\"\",\"\",\"\",\"\",\"\",\"\",\"\"],[372,\"MDWS\",\"MDWS\",\"\",\"\",\"\",\"\",\"\",\"\",\"\",\"\",\"\"],[373,\"MEWS\",\"MEWS\",\"\",\"\",\"\",\"\",\"\",\"\",\"\",\"\",\"\"],[374,\"ML\",\"MILL\",\"ML\",\"\",\"\",\"\",\"\",\"\",\"\",\"\",\"\"],[375,\"MLS\",\"MILLS\",\"MLS\",\"\",\"\",\"\",\"\",\"\",\"\",\"\",\"\"],[376,\"MSN\",\"MISSN\",\"MSSN\",\"\",\"\",\"\",\"\",\"\",\"\",\"\",\"\"],[377,\"MTWY\",\"MOTORWAY\",\"MTWY\",\"MTRWY\",\"\",\"\",\"\",\"\",\"\",\"\",\"\"],[378,\"MT\",\"MOUNT\",\"MNT\",\"MT\",\"\",\"\",\"\",\"\",\"\",\"\",\"\"],[379,\"MTN\",\"MOUNTAIN\",\"MNTN\",\"MNTAIN\",\"MOUNTIN\",\"MTIN\",\"MTN\",\"\",\"\",\"\",\"\"],[380,\"MTNS\",\"MOUNTAINS\",\"MNTNS\",\"MTNS\",\"\",\"\",\"\",\"\",\"\",\"\",\"\"],[381,\"NCK\",\"NECK\",\"NCK\",\"\",\"\",\"\",\"\",\"\",\"\",\"\",\"\"],[382,\"ORCH\",\"ORCHARD\",\"ORCHRD\",\"ORCH\",\"\",\"\",\"\",\"\",\"\",\"\",\"\"],[383,\"OVAL\",\"OVAL\",\"OVL\",\"\",\"\",\"\",\"\",\"\",\"\",\"\",\"\"],[384,\"OPAS\",\"OVERPASS\",\"OPAS\",\"\",\"\",\"\",\"\",\"\",\"\",\"\",\"\"],[385,\"PARK\",\"PARK\",\"PRK\",\"PK\",\"PARKS\",\"\",\"\",\"\",\"\",\"\",\"\"],[386,\"PKWY\",\"PARKWAY\",\"PARKWY\",\"PKWAY\",\"PKWY\",\"PKY\",\"PRKWAY\",\"PRKWY\",\"PARK WAY\",\"PARKWAYS\",\"PKWYS\"],[387,\"PASS\",\"PASS\",\"\",\"\",\"\",\"\",\"\",\"\",\"\",\"\",\"\"],[388,\"PSGE\",\"PASSAGE\",\"PSGE\",\"\",\"\",\"\",\"\",\"\",\"\",\"\",\"\"],[389,\"PATH\",\"PATH\",\"PATHS\",\"\",\"\",\"\",\"\",\"\",\"\",\"\",\"\"],[390,\"PIKE\",\"PIKE\",\"PIKES\",\"\",\"\",\"\",\"\",\"\",\"\",\"\",\"\"],[391,\"PNE\",\"PINE\",\"PNE\",\"\",\"\",\"\",\"\",\"\",\"\",\"\",\"\"],[392,\"PNES\",\"PINES\",\"PNES\",\"\",\"\",\"\",\"\",\"\",\"\",\"\",\"\"],[393,\"PL\",\"PLACE\",\"PL\",\"\",\"\",\"\",\"\",\"\",\"\",\"\",\"\"],[394,\"PLN\",\"PLAIN\",\"PLN\",\"\",\"\",\"\",\"\",\"\",\"\",\"\",\"\"],[395,\"PLNS\",\"PLAINS\",\"PLNS\",\"\",\"\",\"\",\"\",\"\",\"\",\"\",\"\"],[396,\"PLZ\",\"PLAZA\",\"PLZ\",\"PLZA\",\"\",\"\",\"\",\"\",\"\",\"\",\"\"],[397,\"PT\",\"POINT\",\"PT\",\"\",\"\",\"\",\"\",\"\",\"\",\"\",\"\"],[398,\"PTS\",\"POINTS\",\"PTS\",\"\",\"\",\"\",\"\",\"\",\"\",\"\",\"\"],[399,\"PRT\",\"PORT\",\"PRT\",\"\",\"\",\"\",\"\",\"\",\"\",\"\",\"\"],[400,\"PRTS\",\"PORTS\",\"PRTS\",\"\",\"\",\"\",\"\",\"\",\"\",\"\",\"\"],[401,\"PR\",\"PR\",\"PRAIRIE\",\"PRR\",\"\",\"\",\"\",\"\",\"\",\"\",\"\"],[402,\"RADL\",\"RADIAL\",\"RAD\",\"RADIEL\",\"RADL\",\"\",\"\",\"\",\"\",\"\",\"\"],[403,\"RAMP\",\"RAMP\",\"\",\"\",\"\",\"\",\"\",\"\",\"\",\"\",\"\"],[404,\"RNCH\",\"RANCH\",\"RANCHES\",\"RNCH\",\"RNCHS\",\"\",\"\",\"\",\"\",\"\",\"\"],[405,\"RPD\",\"RAPID\",\"RPD\",\"\",\"\",\"\",\"\",\"\",\"\",\"\",\"\"],[406,\"RPDS\",\"RAPIDS\",\"RPDS\",\"\",\"\",\"\",\"\",\"\",\"\",\"\",\"\"],[407,\"RST\",\"REST\",\"RST\",\"\",\"\",\"\",\"\",\"\",\"\",\"\",\"\"],[408,\"RDG\",\"RIDGE\",\"RDGE\",\"RDG\",\"\",\"\",\"\",\"\",\"\",\"\",\"\"],[409,\"RDGS\",\"RIDGES\",\"RDGS\",\"\",\"\",\"\",\"\",\"\",\"\",\"\",\"\"],[410,\"RIV\",\"RIVER\",\"RVR\",\"RIVR\",\"RIV\",\"\",\"\",\"\",\"\",\"\",\"\"],[411,\"RD\",\"ROAD\",\"RAOD\",\"RD\",\"\",\"\",\"\",\"\",\"\",\"\",\"\"],[412,\"RDS\",\"ROADS\",\"RDS\",\"\",\"\",\"\",\"\",\"\",\"\",\"\",\"\"],[413,\"RTE\",\"ROUTE\",\"RTE\",\"RT\",\"\",\"\",\"\",\"\",\"\",\"\",\"\"],[414,\"ROW\",\"ROW\",\"\",\"\",\"\",\"\",\"\",\"\",\"\",\"\",\"\"],[415,\"RUE\",\"RUE\",\"\",\"\",\"\",\"\",\"\",\"\",\"\",\"\",\"\"],[416,\"RUN\",\"RUN\",\"\",\"\",\"\",\"\",\"\",\"\",\"\",\"\",\"\"],[417,\"SHL\",\"SHOAL\",\"SHL\",\"\",\"\",\"\",\"\",\"\",\"\",\"\",\"\"],[418,\"SHLS\",\"SHOALS\",\"SHLS\",\"\",\"\",\"\",\"\",\"\",\"\",\"\",\"\"],[419,\"SHR\",\"SHORE\",\"SHOAR\",\"SHR\",\"\",\"\",\"\",\"\",\"\",\"\",\"\"],[420,\"SHRS\",\"SHORES\",\"SHOARS\",\"SHRS\",\"\",\"\",\"\",\"\",\"\",\"\",\"\"],[421,\"SKWY\",\"SKYWAY\",\"SKWY\",\"\",\"\",\"\",\"\",\"\",\"\",\"\",\"\"],[422,\"SPG\",\"SPRING\",\"SPNG\",\"SPRNG\",\"SPG\",\"\",\"\",\"\",\"\",\"\",\"\"],[423,\"SPGS\",\"SPRNGS\",\"SPNGS\",\"SPGS\",\"\",\"\",\"\",\"\",\"\",\"\",\"\"],[424,\"SPRINGS\",\"SPRINGS\",\"\",\"\",\"\",\"\",\"\",\"\",\"\",\"\",\"\"],[425,\"SPUR\",\"SPUR\",\"SPURS\",\"\",\"\",\"\",\"\",\"\",\"\",\"\",\"\"],[426,\"SQ\",\"SQUARE\",\"SQR\",\"SQRE\",\"SQU\",\"SQ\",\"\",\"\",\"\",\"\",\"\"],[427,\"SQS\",\"SQUARES\",\"SQS\",\"\",\"\",\"\",\"\",\"\",\"\",\"\",\"\"],[428,\"STA\",\"STATION\",\"STATN\",\"STN\",\"STA\",\"\",\"\",\"\",\"\",\"\",\"\"],[429,\"STRA\",\"STRAVENUE\",\"STRAV\",\"STRAVEN\",\"STRAVN\",\"STRVN\",\"STRVNUE\",\"STRA\",\"\",\"\",\"\"],[430,\"STRM\",\"STREAM\",\"STREME\",\"STRM\",\"\",\"\",\"\",\"\",\"\",\"\",\"\"],[431,\"ST\",\"STREET\",\"STRT\",\"ST\",\"STR\",\"STREE\",\"STRETE\",\"STREEET\",\"\",\"\",\"\"],[432,\"STS\",\"STREETS\",\"STS\",\"\",\"\",\"\",\"\",\"\",\"\",\"\",\"\"],[433,\"SMT\",\"SUMMIT\",\"SUMIT\",\"SUMITT\",\"SMT\",\"\",\"\",\"\",\"\",\"\",\"\"],[434,\"TER\",\"TERRACE\",\"TERR\",\"TER\",\"\",\"\",\"\",\"\",\"\",\"\",\"\"],[435,\"TWP\",\"TWP\",\"TWSP\",\"TOWNSHIP\",\"\",\"\",\"\",\"\",\"\",\"\",\"\"],[436,\"TRWY\",\"THROUGHWAY\",\"TRWY\",\"\",\"\",\"\",\"\",\"\",\"\",\"\",\"\"],[437,\"TRCE\",\"TRACE\",\"TRACES\",\"TRCE\",\"\",\"\",\"\",\"\",\"\",\"\",\"\"],[438,\"TRAK\",\"TRACK\",\"TRACKS\",\"TRAK\",\"TRK\",\"TRKS\",\"\",\"\",\"\",\"\",\"\"],[439,\"TRFY\",\"TRAFFICWAY\",\"TRFY\",\"\",\"\",\"\",\"\",\"\",\"\",\"\",\"\"],[440,\"TRL\",\"TRAIL\",\"TRAILS\",\"TRL\",\"TRLS\",\"\",\"\",\"\",\"\",\"\",\"\"],[441,\"TRLR\",\"TRAILER\",\"TRLR\",\"TRLRS\",\"\",\"\",\"\",\"\",\"\",\"\",\"\"],[442,\"TUNL\",\"TUNNEL\",\"TUNL\",\"TUNLS\",\"TUNEL\",\"TUNNELS\",\"TUNNL\",\"\",\"\",\"\",\"\"],[443,\"TPKE\",\"TURNPIKE\",\"TPKE\",\"TURNPK\",\"TPK\",\"TRNPK\",\"\",\"\",\"\",\"\",\"\"],[444,\"UPAS\",\"UNDERPASS\",\"UPAS\",\"\",\"\",\"\",\"\",\"\",\"\",\"\",\"\"],[445,\"UN\",\"UNION\",\"UN\",\"\",\"\",\"\",\"\",\"\",\"\",\"\",\"\"],[446,\"UNS\",\"UNIONS\",\"UNS\",\"\",\"\",\"\",\"\",\"\",\"\",\"\",\"\"],[447,\"VALLEY\",\"VALLEY\",\"\",\"\",\"\",\"\",\"\",\"\",\"\",\"\",\"\"],[448,\"VLY\",\"VALLY\",\"VLLY\",\"VLY\",\"\",\"\",\"\",\"\",\"\",\"\",\"\"],[449,\"VLYS\",\"VALLEYS\",\"VLYS\",\"\",\"\",\"\",\"\",\"\",\"\",\"\",\"\"],[450,\"VIA\",\"VDCT\",\"VIA\",\"VIADCT\",\"VIADUCT\",\"\",\"\",\"\",\"\",\"\",\"\"],[451,\"VW\",\"VIEW\",\"VW\",\"\",\"\",\"\",\"\",\"\",\"\",\"\",\"\"],[452,\"VWS\",\"VIEWS\",\"VWS\",\"\",\"\",\"\",\"\",\"\",\"\",\"\",\"\"],[453,\"VLG\",\"VILLAGE\",\"VILLAG\",\"VILL\",\"VILLG\",\"VILLIAGE\",\"VLG\",\"\",\"\",\"\",\"\"],[454,\"VLGS\",\"VILLAGES\",\"VLGS\",\"\",\"\",\"\",\"\",\"\",\"\",\"\",\"\"],[455,\"VL\",\"VILLE\",\"VL\",\"\",\"\",\"\",\"\",\"\",\"\",\"\",\"\"],[456,\"VIS\",\"VISTA\",\"VIST\",\"VIS\",\"VST\",\"VSTA\",\"\",\"\",\"\",\"\",\"\"],[457,\"WALK\",\"WALK\",\"WALKS\",\"\",\"\",\"\",\"\",\"\",\"\",\"\",\"\"],[458,\"WALL\",\"WALL\",\"\",\"\",\"\",\"\",\"\",\"\",\"\",\"\",\"\"],[459,\"WAY\",\"WAY\",\"WY\",\"\",\"\",\"\",\"\",\"\",\"\",\"\",\"\"],[460,\"WAYS\",\"WAYS\",\"WYS\",\"\",\"\",\"\",\"\",\"\",\"\",\"\",\"\"],[461,\"WL\",\"WELL\",\"WL\",\"\",\"\",\"\",\"\",\"\",\"\",\"\",\"\"],[462,\"WLS\",\"WELLS\",\"WLS\",\"\",\"\",\"\",\"\",\"\",\"\",\"\",\"\"],[463,\"WOOD\",\"WOOD\",\"WD\",\"\",\"\",\"\",\"\",\"\",\"\",\"\",\"\"],[464,\"WOODS\",\"WOODS\",\"\",\"\",\"\",\"\",\"\",\"\",\"\",\"\",\"\"],[465,\"YRD\",\"YARD\",\"YRD\",\"\",\"\",\"\",\"\",\"\",\"\",\"\",\"\"]]}"}