{"doc":{"id":"k8lh6vgTeSsdcYYLJQd3uc","name":"calendar_month_frm_number_infa","description":"Returns the Month for the number","documentType":"DICTIONARY","repoInfo":{"repoPath":"","repoHandle":"k8lh6vgTeSsdcYYLJQd3uc"},"docRef":null,"customAttributes":{"stringAttrs":[]},"nativeData":{"id":"k8lh6vgTeSsdcYYLJQd3uc","documentBlob":"{\"name\":\"\",\"defaultValueLiteral\":\"\",\"description\":\"\",\"readRelationalDSO\":{\"relationalFields\":[{\"name\":\"Column 1\",\"odbcPrecision\":512,\"label\":\"Column 1\"},{\"name\":\"Column 2\",\"odbcPrecision\":512,\"label\":\"Column 2\"},{\"name\":\"Column 3\",\"odbcPrecision\":512,\"label\":\"Column 3\"},{\"name\":\"Column 4\",\"odbcPrecision\":512,\"label\":\"Column 4\"},{\"name\":\"Column 5\",\"odbcPrecision\":512,\"label\":\"Column 5\"}]},\"tags\": []}"}},"data":"{\"cols\":[\"unique_row_identifier\",\"Column 1\",\"Column 2\",\"Column 3\",\"Column 4\",\"Column 5\"],\"rows\":[[0,\"JANUARY\",\"01\",\"1\",\"\",\"\"],[1,\"FEBRUARY\",\"02\",\"2\",\"\",\"\"],[2,\"MARCH\",\"03\",\"3\",\"\",\"\"],[3,\"APRIL\",\"04\",\"4\",\"\",\"\"],[4,\"MAY\",\"05\",\"5\",\"\",\"\"],[5,\"JUNE\",\"06\",\"6\",\"\",\"\"],[6,\"JULY\",\"07\",\"7\",\"\",\"\"],[7,\"AUGUST\",\"08\",\"8\",\"\",\"\"],[8,\"SEPTEMBER\",\"09\",\"9\",\"\",\"\"],[9,\"OCTOBER\",\"10\",\"\",\"\",\"\"],[10,\"NOVEMBER\",\"11\",\"\",\"\",\"\"],[11,\"DECEMBER\",\"12\",\"\",\"\",\"\"]]}"}