{"doc":{"id":"kqVdvdSjDimbLL63IX5KSI","name":"calendar_months_infa","description":"Calendar months.","documentType":"DICTIONARY","repoInfo":{"repoPath":"","repoHandle":"kqVdvdSjDimbLL63IX5KSI"},"docRef":null,"customAttributes":{"stringAttrs":[]},"nativeData":{"id":"kqVdvdSjDimbLL63IX5KSI","documentBlob":"{\"name\":\"\",\"defaultValueLiteral\":\"\",\"description\":\"\",\"readRelationalDSO\":{\"relationalFields\":[{\"name\":\"Column 1\",\"odbcPrecision\":512,\"label\":\"Column 1\"},{\"name\":\"Column 2\",\"odbcPrecision\":512,\"label\":\"Column 2\"}]},\"tags\": []}"}},"data":"{\"cols\":[\"unique_row_identifier\",\"Column 1\",\"Column 2\"],\"rows\":[[0,\"JANUARY\",\"JAN\"],[1,\"FEBRUARY\",\"FEB\"],[2,\"MARCH\",\"MAR\"],[3,\"APRIL\",\"APR\"],[4,\"MAY\",\"MAY\"],[5,\"JUNE\",\"JUN\"],[6,\"JULY\",\"JUL\"],[7,\"AUGUST\",\"AUG\"],[8,\"SEPTEMBER\",\"SEP\"],[9,\"OCTOBER\",\"OCT\"],[10,\"NOVEMBER\",\"NOV\"],[11,\"DECEMBER\",\"DEC\"]]}"}