{"doc":{"id":"6XH0rI3zMq6lO2aSGSirah","name":"company_sufx_long_infa","description":"Company suffixes.","documentType":"DICTIONARY","repoInfo":{"repoPath":"","repoHandle":"6XH0rI3zMq6lO2aSGSirah"},"docRef":null,"customAttributes":{"stringAttrs":[]},"nativeData":{"id":"6XH0rI3zMq6lO2aSGSirah","documentBlob":"{\"name\":\"\",\"defaultValueLiteral\":\"\",\"description\":\"\",\"readRelationalDSO\":{\"relationalFields\":[{\"name\":\"Column 1\",\"odbcPrecision\":512,\"label\":\"Column 1\"},{\"name\":\"Column 2\",\"odbcPrecision\":512,\"label\":\"Column 2\"}]},\"tags\": []}"}},"data":"{\"cols\":[\"unique_row_identifier\",\"Column 1\",\"Column 2\"],\"rows\":[[615,\"L'investissement\",\"Les Investissements\"],[616,\"La Banque\",\"La Banque\"],[617,\"Limited\",\"Limitd\"],[618,\"Limited\",\"Limited\"],[619,\"Limited\",\"Limité\"],[620,\"Limited\",\"Ltd\"],[621,\"Limited\",\"Ltd.\"],[622,\"Limited Liability Company\",\"L L C\"],[623,\"Limited Liability Company\",\"L.L.C.\"],[624,\"Limited Liability Company\",\"L.l.c.ltd Liability Co\"],[625,\"Limited Liability Company\",\"Limited Liability Company\"],[626,\"Limited Liability Company\",\"Llc\"],[627,\"Limited Liability Partership\",\"L L P\"],[628,\"Limited Liability Partership\",\"L.l.p.\"],[629,\"Limited Liability Partership\",\"Limited Liability Partership\"],[630,\"Limited Liability Partership\",\"Llp\"],[631,\"Limited Partership\",\"L P\"],[632,\"Limited Partership\",\"L.P.\"],[633,\"Limited Partership\",\"Limited Partership\"],[634,\"Limited Partership\",\"Lp\"],[635,\"Management\",\"Managem\"],[636,\"Management\",\"Manageme\"],[637,\"Management\",\"Managemen\"],[638,\"Management\",\"Management\"],[639,\"Management\",\"Managment\"],[640,\"Management\",\"Mgmt\"],[641,\"Manager\",\"Manager\"],[642,\"Manager\",\"Mgr\"],[643,\"Managers\",\"Managers\"],[644,\"Managers\",\"Mgrs\"],[645,\"Market\",\"Marché\"],[646,\"Market\",\"Market\"],[647,\"Market\",\"Mkt\"],[648,\"Markets\",\"Marchés\"],[649,\"Markets\",\"Markets\"],[650,\"Markets\",\"Mkts\"],[651,\"Mortgage\",\"Mortgage\"],[652,\"Mortgage\",\"Mortgages\"],[653,\"N.A.\",\"N.A.\"],[654,\"N.A.\",\"NA\"],[655,\"Partner\",\"Partner\"],[656,\"Partners\",\"Partners\"],[657,\"Pension\",\"Pension\"],[658,\"Pension\",\"Pensions\"],[659,\"Pension\",\"Psp\"],[660,\"Pharmaceutical\",\"Phar\"],[661,\"Pharmaceutical\",\"Pharmac\"],[662,\"Pharmaceutical\",\"Pharmaceut\"],[663,\"Pharmaceutical\",\"Pharmaceut.\"],[664,\"Pharmaceutical\",\"Pharmaceutical\"],[665,\"Pharmaceutical\",\"Pharmaceuticals\"],[666,\"Pharmaceutical\",\"Pharmaceutique\"],[667,\"Pharmaceutical\",\"Pharmaceutiques\"],[668,\"Pharmaceutical\",\"Pharmacs\"],[669,\"Plan\",\"Plan\"],[670,\"Plans\",\"Plans\"],[671,\"Possessions\",\"Possessions\"],[672,\"Possessions\",\"Se Tenant\"],[673,\"Pr0perties\",\"Pr0perties\"],[674,\"Pr0perties\",\"Propriétés\"],[675,\"Property\",\"Property\"],[676,\"Property\",\"Propriété\"],[677,\"Public Limited Company\",\"Plc\"],[678,\"Public Limited Company\",\"Plc.\"],[679,\"Public Limited Company\",\"Public Limited Company\"],[680,\"Public Limited Company\",\"Société À Responsabilité Limitée Publique\"],[681,\"Recherche\",\"Chercheurs\"],[682,\"Recherche\",\"Recherche\"],[683,\"Research\",\"Research\"],[684,\"Research & Development\",\"R&d\"],[685,\"Research & Development\",\"Recherche Et Développement\"],[686,\"Research & Development\",\"Research & Development\"],[687,\"Research & Development\",\"Research And Development\"],[688,\"Research Unit\",\"Research Unit\"],[689,\"Researchers\",\"Researchers\"],[690,\"Retail\",\"Retail\"],[691,\"Retailers\",\"Retailers\"],[692,\"Service\",\"Service\"],[693,\"Service\",\"Srvc\"],[694,\"Service\",\"Svc\"],[695,\"Services\",\"Services\"],[696,\"Services\",\"Srvcs\"],[697,\"Services\",\"Svcs\"],[698,\"Shop\",\"Magasin\"],[699,\"Shop\",\"Shop\"],[700,\"Shop\",\"Shp\"],[701,\"Società a Responsabilità Limitata\",\"SRL\"],[702,\"Società a Responsabilità Limitata\",\"Sociedad de Responsabilidad Limitada\"],[703,\"Società a Responsabilità Limitata\",\"Societate cu Răspundere Limitată\"],[704,\"Società a Responsabilità Limitata\",\"Società a Responsabilità Limitata\"],[705,\"Société Anonyme\",\"Sa\"],[706,\"Société Anonyme\",\"Société Anonyme\"],[707,\"Société Civile\",\"Sc\"],[708,\"Société Civile\",\"Société Civile\"],[709,\"Société En Commandite\",\"Scs\"],[710,\"Société En Commandite\",\"Société En Commandite\"],[711,\"Société En Nom Collectif\",\"Snc\"],[712,\"Société En Nom Collectif\",\"Société En Nom Collectif\"],[713,\"Société En Participation\",\"Société En Participation\"],[714,\"Société En Participation\",\"Sp\"],[715,\"Société À Responsabilité Limitée\",\"Sarl\"],[716,\"Société À Responsabilité Limitée\",\"Société À Responsabilité Limitée\"],[717,\"Soin\",\"Soin\"],[718,\"Solutions\",\"Solutions\"],[719,\"Son\",\"Son\"],[720,\"Sons\",\"Sons\"],[721,\"Sponsorisez\",\"Sponsorisez\"],[722,\"Strategic\",\"Strategic\"],[723,\"Strategic\",\"Stratégique\"],[724,\"Strategic\",\"Strtgc\"],[725,\"Strategic\",\"Strtgic\"],[726,\"Technologie\",\"Technologie\"],[727,\"Trusts\",\"Trst\"],[728,\"Trusts\",\"Trsts\"],[729,\"Trusts\",\"Trus\"],[730,\"Trusts\",\"Trust\"],[731,\"Unit\",\"Unit\"],[732,\"Unit\",\"Unité\"],[733,\"Unit\",\"Ut\"],[734,\"Unité De Recherches\",\"Unité De Recherches\"],[735,\"University\",\"Uni\"],[736,\"University\",\"Univ\"],[737,\"University\",\"University\"],[738,\"University\",\"Université\"],[739,\"University\",\"Univs.\"],[740,\"Venture\",\"Venture\"],[741,\"Ventures\",\"Ventures\"],[742,\"Sociedad de Responsabilidad Limitada\",\"SRL\"],[743,\"Sociedad de Responsabilidad Limitada\",\"S.R.L.\"],[744,\"& Associate\",\"& Assoc\"],[745,\"& Associate\",\"& Associate\"],[746,\"& Associate\",\"&assoc\"],[747,\"& Associate\",\"&assoc.\"],[748,\"& Associate\",\"&associate\"],[749,\"& Associate\",\"Et Associé\"],[750,\"& Associates\",\"& Ass\"],[751,\"& Associates\",\"& Ass.\"],[752,\"& Associates\",\"& Associates\"],[753,\"& Associates\",\"& Assocs\"],[754,\"& Associates\",\"& Assocs.\"],[755,\"& Associates\",\"&ass\"],[756,\"& Associates\",\"&associates\"],[757,\"& Associates\",\"&assocs\"],[758,\"& Associates\",\"Et Associés\"],[759,\"& Associates\",\"Et Assocs\"],[760,\"& Associates\",\"Et Âne\"],[761,\"& Company\",\"& Co\"],[762,\"& Company\",\"& Co.\"],[763,\"& Company\",\"& Company\"],[764,\"& Company\",\"&co\"],[765,\"& Company\",\"&co.\"],[766,\"& Company\",\"&company\"],[767,\"& Company\",\"Et Cie\"],[768,\"& Company\",\"Et Co\"],[769,\"& Company\",\"Et Company\"],[770,\"& Partner\",\"& Partner\"],[771,\"& Partner\",\"&partner\"],[772,\"& Partners\",\"& Partners\"],[773,\"& Partners\",\"&partners\"],[774,\"& Son\",\"& Son\"],[775,\"& Son\",\"&son\"],[776,\"& Sons\",\"& Sons\"],[777,\"& Sons\",\"&sons\"],[778,\"Advisors\",\"Advisor\"],[779,\"Advisors\",\"Advisors\"],[780,\"Aktiengesellschaft\",\"A.g.\"],[781,\"Aktiengesellschaft\",\"Ag\"],[782,\"Aktiengesellschaft\",\"Ag.\"],[783,\"Aktiengesellschaft\",\"Aktiengesellschaft\"],[784,\"Asbl\",\"Asbl\"],[785,\"Asbl\",\"Association Sans But Lucratif\"],[786,\"Asset\",\"Asset\"],[787,\"Asset\",\"Assets\"],[788,\"Associate\",\"Associate\"],[789,\"Associates\",\"Associates\"],[790,\"Associates\",\"Assocs\"],[791,\"Associates\",\"Assocs.\"],[792,\"Association\",\"Ass\"],[793,\"Association\",\"Ass.\"],[794,\"Association\",\"Assoc\"],[795,\"Association\",\"Assoc.\"],[796,\"Association\",\"Assocation\"],[797,\"Association\",\"Association\"],[798,\"Associé\",\"Associé\"],[799,\"Associés\",\"Associés\"],[800,\"Avantages\",\"Avantage\"],[801,\"Avantages\",\"Avantages\"],[802,\"Bank\",\"Bank\"],[803,\"Base\",\"Base\"],[804,\"Base\",\"Bases\"],[805,\"Benefit\",\"Benefit\"],[806,\"Benefits\",\"Benefits\"],[807,\"Board\",\"Board\"],[808,\"Board\",\"Brd\"],[809,\"Broker\",\"Broker\"],[810,\"Broker\",\"Brokers\"],[811,\"Capitaux\",\"Capitaux\"],[812,\"Care\",\"Care\"],[813,\"Center\",\"Center\"],[814,\"Center\",\"Centre\"],[815,\"Center\",\"Ctr\"],[816,\"Clinic\",\"Clinic\"],[817,\"Clinique\",\"Clinique\"],[818,\"Club\",\"Club\"],[819,\"Company\",\"Cie.\"],[820,\"Company\",\"Co\"],[821,\"Company\",\"Co.\"],[822,\"Company\",\"Company\"],[823,\"Confiance\",\"Confiance\"],[824,\"Confiances\",\"Confiances\"],[825,\"Conseil\",\"Conseil\"],[826,\"Conseiller\",\"Conseiller\"],[827,\"Conseillers\",\"Conseillers\"],[828,\"Consultant\",\"Consultant\"],[829,\"Consultanting\",\"Consultanting\"],[830,\"Consultants\",\"Consultants\"],[831,\"Corporation\",\"Corp\"],[832,\"Corporation\",\"Corp.\"],[833,\"Corporation\",\"Corporation\"],[834,\"Department\",\"Department\"],[835,\"Department\",\"Dept\"],[836,\"Department\",\"Dept.\"],[837,\"Directeurs\",\"Directeur\"],[838,\"Directeurs\",\"Directeurs\"],[839,\"Domaine\",\"Domaine\"],[840,\"Domaines\",\"Domaines\"],[841,\"Département\",\"Département\"],[842,\"Département\",\"Dépt\"],[843,\"Détail\",\"Détail\"],[844,\"Détaillants\",\"Détaillants\"],[845,\"Engineering\",\"Eng\"],[846,\"Engineering\",\"Engineering\"],[847,\"Engineers\",\"Engineers\"],[848,\"Enterprise\",\"Enterprise\"],[849,\"Entreprises\",\"Entreprises\"],[850,\"Estate\",\"Est\"],[851,\"Estate\",\"Estate\"],[852,\"Estates\",\"Estates\"],[853,\"Estates\",\"Ests\"],[854,\"Et Fils\",\"Et Fils\"],[855,\"Eurl\",\"Enterprise Unipersonnelle À Responsabi\"],[856,\"Eurl\",\"Eurl\"],[857,\"Factory\",\"Factory\"],[858,\"Factory\",\"Fctry\"],[859,\"Factory\",\"Usine\"],[860,\"Fils\",\"Fils\"],[861,\"Finance\",\"Finance\"],[862,\"Financement\",\"Financement\"],[863,\"Finances\",\"Finances\"],[864,\"Financial\",\"Financial\"],[865,\"Financier\",\"Financier\"],[866,\"Financing\",\"Financing\"],[867,\"Fonds\",\"Fonds\"],[868,\"Foundation\",\"Fndtn\"],[869,\"Foundation\",\"Foundation\"],[870,\"Foundations\",\"Fndtns\"],[871,\"Foundations\",\"Foundations\"],[872,\"Fund\",\"Fnd\"],[873,\"Fund\",\"Fund\"],[874,\"Gesellschaft Mit Beschränkter Haftung\",\"G.m.b.h\"],[875,\"Gesellschaft Mit Beschränkter Haftung\",\"Gesellschaft Mit Beschränkter Haftung\"],[876,\"Gesellschaft Mit Beschränkter Haftung\",\"Gmbh\"],[877,\"Gestion\",\"Gestion\"],[878,\"Gie\",\"Gie\"],[879,\"Gie\",\"Groupement D'intéret Économique\"],[880,\"Global\",\"Glbl\"],[881,\"Global\",\"Global\"],[882,\"Group\",\"Group\"],[883,\"Group\",\"Groupe\"],[884,\"Group\",\"Grp\"],[885,\"Group\",\"Grp.\"],[886,\"Holdings\",\"Holding\"],[887,\"Holdings\",\"Holdings\"],[888,\"Hypothèque\",\"Hypothèque\"],[889,\"Hypothèque\",\"Hypothèques\"],[890,\"Incorporated\",\"Inc\"],[891,\"Incorporated\",\"Inc.\"],[892,\"Incorporated\",\"Incorporated\"],[893,\"Incorporated\",\"Incorporé\"],[894,\"Industry\",\"Ind\"],[895,\"Industry\",\"Industrie\"],[896,\"Industry\",\"Industry\"],[897,\"Ingénieurs\",\"Ingénieurs\"],[898,\"Ingénieurs\",\"Machinant\"],[899,\"International\",\"International\"],[900,\"International\",\"Intl\"],[901,\"International\",\"Intl.\"],[902,\"Investisseurs\",\"Investisseurs\"],[903,\"Investment\",\"Inv\"],[904,\"Investment\",\"Invest\"],[905,\"Investment\",\"Investment\"],[906,\"Investment\",\"Investments\"],[907,\"Investment\",\"Invstmnts\"],[908,\"Investors\",\"Investors\"],[909,\"Investors\",\"Invstrs\"],[910,\"Kabushiki Kaisha\",\"K K\"],[911,\"Kabushiki Kaisha\",\"Kabushiki\"],[912,\"Kabushiki Kaisha\",\"Kabushiki K\"],[913,\"Kabushiki Kaisha\",\"Kabushiki Kaisha\"],[914,\"Kabushiki Kaisha\",\"Kk\"],[915,\"L'investissement\",\"Investissement\"],[916,\"L'investissement\",\"Investissent\"]]}"}