{"doc":{"id":"95HDJW3UaNElh93KepFeeL","name":"company_sufx_abrv_infa","description":"Company suffix abbreviations.","documentType":"DICTIONARY","repoInfo":{"repoPath":"","repoHandle":"95HDJW3UaNElh93KepFeeL"},"docRef":null,"customAttributes":{"stringAttrs":[]},"nativeData":{"id":"95HDJW3UaNElh93KepFeeL","documentBlob":"{\"name\":\"\",\"defaultValueLiteral\":\"\",\"description\":\"\",\"readRelationalDSO\":{\"relationalFields\":[{\"name\":\"Column 1\",\"odbcPrecision\":512,\"label\":\"Column 1\"},{\"name\":\"Column 2\",\"odbcPrecision\":512,\"label\":\"Column 2\"}]},\"tags\": []}"}},"data":"{\"cols\":[\"unique_row_identifier\",\"Column 1\",\"Column 2\"],\"rows\":[[314,\"Ltd.\",\"Limited\"],[315,\"Ltd.\",\"Ltd\"],[316,\"Ltd.\",\"Ltd.\"],[317,\"Ltee\",\"Limitee\"],[318,\"Ltee\",\"Limiteé\"],[319,\"Ltee\",\"Limité\"],[320,\"Ltee\",\"Ltee\"],[321,\"Ltee\",\"Ltée\"],[322,\"Machinant\",\"Machinant\"],[323,\"Mgmt\",\"Managem\"],[324,\"Mgmt\",\"Manageme\"],[325,\"Mgmt\",\"Managemen\"],[326,\"Mgmt\",\"Management\"],[327,\"Mgmt\",\"Managment\"],[328,\"Mgmt\",\"Mgmt\"],[329,\"Mkt\",\"Marché\"],[330,\"Mkt\",\"Market\"],[331,\"Mkt\",\"Mkt\"],[332,\"Mkts\",\"Marchés\"],[333,\"Mkts\",\"Markets\"],[334,\"Mkts\",\"Mkts\"],[335,\"Mortgages\",\"Mortgage\"],[336,\"Mortgages\",\"Mortgages\"],[337,\"N.A.\",\"N.A.\"],[338,\"N.A.\",\"NA\"],[339,\"Partner\",\"Partner\"],[340,\"Partners\",\"Partners\"],[341,\"Partnership\",\"Partnership\"],[342,\"Phar\",\"Phar\"],[343,\"Phar\",\"Pharmac\"],[344,\"Phar\",\"Pharmaceut\"],[345,\"Phar\",\"Pharmaceut.\"],[346,\"Phar\",\"Pharmaceutical\"],[347,\"Phar\",\"Pharmaceuticals\"],[348,\"Phar\",\"Pharmaceutique\"],[349,\"Phar\",\"Pharmaceutiques\"],[350,\"Phar\",\"Pharmacs\"],[351,\"Plc.\",\"Plc\"],[352,\"Plc.\",\"Plc.\"],[353,\"Plc.\",\"Public Limited Company\"],[354,\"Plc.\",\"Société À Responsabilité Limitée Publique\"],[355,\"Pr0perties\",\"Pr0perties\"],[356,\"Pr0perties\",\"Propriétés\"],[357,\"Property\",\"Property\"],[358,\"Property\",\"Propriété\"],[359,\"R&d\",\"R&d\"],[360,\"R&d\",\"Recherche Et Développement\"],[361,\"R&d\",\"Research & Development\"],[362,\"R&d\",\"Research And Development\"],[363,\"Research\",\"Research\"],[364,\"Research Unit\",\"Research Unit\"],[365,\"Researchers\",\"Researchers\"],[366,\"Retail\",\"Retail\"],[367,\"Retailers\",\"Retailers\"],[368,\"SRL\",\"SRL,\"],[369,\"SRL\",\"Sociedad de Responsabilidad Limitada\"],[370,\"SRL\",\"Societate cu Răspundere Limitată\"],[371,\"Sa\",\"Sa\"],[372,\"Sa\",\"Société Anonyme\"],[373,\"Sarl\",\"Sarl\"],[374,\"Sarl\",\"Société À Responsabilité Limitée\"],[375,\"Sc\",\"Sc\"],[376,\"Sc\",\"Société Civile\"],[377,\"Scs\",\"Scs\"],[378,\"Scs\",\"Société En Commandite\"],[379,\"Se Tenant\",\"Possessions\"],[380,\"Se Tenant\",\"Se Tenant\"],[381,\"Shp\",\"Magasin\"],[382,\"Shp\",\"Shop\"],[383,\"Shp\",\"Shp\"],[384,\"Snc\",\"Snc\"],[385,\"Snc\",\"Société En Nom Collectif\"],[386,\"Soin\",\"Soin\"],[387,\"Solutions\",\"Solutions\"],[388,\"Son\",\"Son\"],[389,\"Sons\",\"Sons\"],[390,\"Sp\",\"Société En Participation\"],[391,\"Sp\",\"Sp\"],[392,\"Sponsorisez\",\"Sponsorisez\"],[393,\"Strtgc\",\"Strategic\"],[394,\"Strtgc\",\"Stratégique\"],[395,\"Strtgc\",\"Strtgc\"],[396,\"Strtgc\",\"Strtgic\"],[397,\"Svc.\",\"Service\"],[398,\"Svc.\",\"Srvc\"],[399,\"Svc.\",\"Svc\"],[400,\"Svc.\",\"Svc.\"],[401,\"Svcs.\",\"Services\"],[402,\"Svcs.\",\"Srvcs\"],[403,\"Svcs.\",\"Svcs\"],[404,\"Svcs.\",\"Svcs.\"],[405,\"Technologie\",\"Technologie\"],[406,\"The Company Store\",\"The Co Store\"],[407,\"The Company Store\",\"The Co. Store\"],[408,\"The Company Store\",\"The Company Store\"],[409,\"Trst\",\"Trst\"],[410,\"Trst\",\"Trsts\"],[411,\"Trst\",\"Trus\"],[412,\"Trst\",\"Trust\"],[413,\"Unité De Recherches\",\"Unité De Recherches\"],[414,\"Univ\",\"Uni\"],[415,\"Univ\",\"Univ\"],[416,\"Univ\",\"University\"],[417,\"Univ\",\"Université\"],[418,\"Univ\",\"Univs.\"],[419,\"Ut\",\"Unit\"],[420,\"Ut\",\"Unité\"],[421,\"Ut\",\"Ut\"],[422,\"Venture\",\"Venture\"],[423,\"Ventures\",\"Ventures\"],[424,\"SRL\",\"SRL\"],[425,\"SRL\",\"S.R.L.\"],[426,\"SRL\",\"Società a Responsabilità Limitata\"],[427,\"SRL\",\"Sociedad de Responsabilidad Limitada\"],[428,\"Bar & Grill\",\"Bar and Grill\"],[429,\"Bar & Grill\",\"Bar & Grill\"],[430,\"& Assoc.\",\"& Assoc\"],[431,\"& Assoc.\",\"& Assoc.\"],[432,\"& Assoc.\",\"& Associate\"],[433,\"& Assoc.\",\"&assoc\"],[434,\"& Assoc.\",\"&assoc.\"],[435,\"& Assoc.\",\"&associate\"],[436,\"& Assoc.\",\"Et Associé\"],[437,\"& Assocs.\",\"& Ass\"],[438,\"& Assocs.\",\"& Ass.\"],[439,\"& Assocs.\",\"& Associates\"],[440,\"& Assocs.\",\"& Assocs\"],[441,\"& Assocs.\",\"& Assocs.\"],[442,\"& Assocs.\",\"&ass\"],[443,\"& Assocs.\",\"&associates\"],[444,\"& Assocs.\",\"&assocs\"],[445,\"& Assocs.\",\"Et Associés\"],[446,\"& Assocs.\",\"Et Assocs\"],[447,\"& Assocs.\",\"Et Assocs.\"],[448,\"& Assocs.\",\"Et Âne\"],[449,\"& Co.\",\"& Co\"],[450,\"& Co.\",\"& Co.\"],[451,\"& Co.\",\"& Company\"],[452,\"& Co.\",\"&co\"],[453,\"& Co.\",\"&co.\"],[454,\"& Co.\",\"&company\"],[455,\"& Co.\",\"Et Cie\"],[456,\"& Co.\",\"Et Co\"],[457,\"& Co.\",\"Et Company\"],[458,\"& Son\",\"& Son\"],[459,\"& Son\",\"&son\"],[460,\"& Sons\",\"& Sons\"],[461,\"& Sons\",\"&sons\"],[462,\"&partner\",\"& Partner\"],[463,\"&partner\",\"&partner\"],[464,\"&partners\",\"& Partners\"],[465,\"&partners\",\"&partners\"],[466,\"Advisor\",\"Advisor\"],[467,\"Advisor\",\"Advisors\"],[468,\"Ag\",\"A.g.\"],[469,\"Ag\",\"Ag\"],[470,\"Ag\",\"Ag.\"],[471,\"Ag\",\"Aktiengesellschaft\"],[472,\"Asbl\",\"Asbl\"],[473,\"Asbl\",\"Association Sans But Lucratif\"],[474,\"Assets\",\"Asset\"],[475,\"Assets\",\"Assets\"],[476,\"Assoc.\",\"Ass\"],[477,\"Assoc.\",\"Ass.\"],[478,\"Assoc.\",\"Assoc\"],[479,\"Assoc.\",\"Assoc.\"],[480,\"Assoc.\",\"Assocation\"],[481,\"Assoc.\",\"Association\"],[482,\"Associate\",\"Associate\"],[483,\"Associé\",\"Associé\"],[484,\"Associés\",\"Associés\"],[485,\"Assocs\",\"Associates\"],[486,\"Assocs\",\"Assocs\"],[487,\"Assocs\",\"Assocs.\"],[488,\"Avantage\",\"Avantage\"],[489,\"Avantage\",\"Avantages\"],[490,\"Bank\",\"Bank\"],[491,\"Bases\",\"Base\"],[492,\"Bases\",\"Bases\"],[493,\"Benefit\",\"Benefit\"],[494,\"Benefits\",\"Benefits\"],[495,\"Brd\",\"Board\"],[496,\"Brd\",\"Brd\"],[497,\"Brokers\",\"Broker\"],[498,\"Brokers\",\"Brokers\"],[499,\"Capitaux\",\"Capitaux\"],[500,\"Care\",\"Care\"],[501,\"Chercheurs\",\"Chercheurs\"],[502,\"Chercheurs\",\"Recherche\"],[503,\"Clinic\",\"Clinic\"],[504,\"Clinique\",\"Clinique\"],[505,\"Club\",\"Club\"],[506,\"Co.\",\"Cie.\"],[507,\"Co.\",\"Co\"],[508,\"Co.\",\"Co.\"],[509,\"Co.\",\"Company\"],[510,\"Confiance\",\"Confiance\"],[511,\"Confiances\",\"Confiances\"],[512,\"Conseil\",\"Conseil\"],[513,\"Conseiller\",\"Conseiller\"],[514,\"Conseillers\",\"Conseillers\"],[515,\"Consultant\",\"Consultant\"],[516,\"Consultanting\",\"Consultanting\"],[517,\"Consultants\",\"Consultants\"],[518,\"Corp.\",\"Corp\"],[519,\"Corp.\",\"Corp.\"],[520,\"Corp.\",\"Corporation\"],[521,\"Ctr\",\"Center\"],[522,\"Ctr\",\"Centre\"],[523,\"Ctr\",\"Ctr\"],[524,\"Dept.\",\"Department\"],[525,\"Dept.\",\"Dept\"],[526,\"Dept.\",\"Dept.\"],[527,\"Directeur\",\"Directeur\"],[528,\"Directeur\",\"Directeurs\"],[529,\"Domaine\",\"Domaine\"],[530,\"Domaines\",\"Domaines\"],[531,\"Dépt.\",\"Département\"],[532,\"Dépt.\",\"Dépt\"],[533,\"Dépt.\",\"Dépt.\"],[534,\"Détail\",\"Détail\"],[535,\"Détaillants\",\"Détaillants\"],[536,\"Eng.\",\"Eng\"],[537,\"Eng.\",\"Eng.\"],[538,\"Eng.\",\"Engineering\"],[539,\"Engineers\",\"Engineers\"],[540,\"Engineers\",\"Ingénieurs\"],[541,\"Enterprise\",\"Enterprise\"],[542,\"Enterprise Unipersonnelle À Responsabilité Limitée\",\"Enterprise Unipersonnelle À Responsabilité Limitée\"],[543,\"Enterprise Unipersonnelle À Responsabilité Limitée\",\"Eurl\"],[544,\"Entreprises\",\"Entreprises\"],[545,\"Est.\",\"Est\"],[546,\"Est.\",\"Est.\"],[547,\"Est.\",\"Estate\"],[548,\"Ests.\",\"Estates\"],[549,\"Ests.\",\"Ests\"],[550,\"Ests.\",\"Ests.\"],[551,\"Et Fils\",\"Et Fils\"],[552,\"Fctry\",\"Factory\"],[553,\"Fctry\",\"Fctry\"],[554,\"Fctry\",\"Usine\"],[555,\"Fils\",\"Fils\"],[556,\"Finance\",\"Finance\"],[557,\"Financement\",\"Financement\"],[558,\"Finances\",\"Finances\"],[559,\"Financial\",\"Financial\"],[560,\"Financier\",\"Financier\"],[561,\"Financing\",\"Financing\"],[562,\"Fnd\",\"Fnd\"],[563,\"Fnd\",\"Fund\"],[564,\"Fndtn\",\"Fndtn\"],[565,\"Fndtn\",\"Foundation\"],[566,\"Fndtns\",\"Fndtns\"],[567,\"Fndtns\",\"Foundations\"],[568,\"Fonds\",\"Fonds\"],[569,\"Gestion\",\"Gestion\"],[570,\"Glbl\",\"Glbl\"],[571,\"Glbl\",\"Global\"],[572,\"Gmbh\",\"G.m.b.h\"],[573,\"Gmbh\",\"Gesellschaft Mit Beschränkter Haftung\"],[574,\"Gmbh\",\"Gmbh\"],[575,\"Groupement D'intéret Économique\",\"Gie\"],[576,\"Groupement D'intéret Économique\",\"Groupement D'intéret Économique\"],[577,\"Grp.\",\"Group\"],[578,\"Grp.\",\"Groupe\"],[579,\"Grp.\",\"Grp\"],[580,\"Grp.\",\"Grp.\"],[581,\"Holding\",\"Holding\"],[582,\"Holding\",\"Holdings\"],[583,\"Hypothèques\",\"Hypothèque\"],[584,\"Hypothèques\",\"Hypothèques\"],[585,\"Inc.\",\"Inc\"],[586,\"Inc.\",\"Inc.\"],[587,\"Inc.\",\"Incorporated\"],[588,\"Inc.\",\"Incorporé\"],[589,\"Ind.\",\"Ind\"],[590,\"Ind.\",\"Ind.\"],[591,\"Ind.\",\"Industrie\"],[592,\"Ind.\",\"Industry\"],[593,\"Intl.\",\"International\"],[594,\"Intl.\",\"Intl\"],[595,\"Intl.\",\"Intl.\"],[596,\"Inv.\",\"Inv.\"],[597,\"Inv.\",\"Invest\"],[598,\"Inv.\",\"Investment\"],[599,\"Inv.\",\"Investments\"],[600,\"Inv.\",\"Invstmnts\"],[601,\"Invstrs.\",\"Investisseurs\"],[602,\"Invstrs.\",\"Investors\"],[603,\"Invstrs.\",\"Invstrs\"],[604,\"Invstrs.\",\"Invstrs.\"],[605,\"Kk\",\"K K\"],[606,\"Kk\",\"Kabushiki\"],[607,\"Kk\",\"Kabushiki K\"],[608,\"Kk\",\"Kabushiki Kaisha\"],[609,\"Kk\",\"Kk\"],[610,\"La Banque\",\"La Banque\"],[611,\"Les Investissements\",\"Investissement\"],[612,\"Les Investissements\",\"Investissent\"],[613,\"Les Investissements\",\"Les Investissements\"],[614,\"Llc\",\"L L C\"],[615,\"Llc\",\"L.L.C.\"],[616,\"Llc\",\"L.l.c\"],[617,\"Llc\",\"Limited Liability Company\"],[618,\"Llc\",\"Llc\"],[619,\"Llc\",\"Ltd Liability Co\"],[620,\"Llp\",\"L L P\"],[621,\"Llp\",\"L.l.p.\"],[622,\"Llp\",\"Limited Liability Partership\"],[623,\"Llp\",\"Llp\"],[624,\"Lp\",\"L P\"],[625,\"Lp\",\"L.P.\"],[626,\"Lp\",\"Limited Partership\"],[627,\"Lp\",\"Lp\"],[628,\"Ltd.\",\"Limitd\"]]}"}