{"doc":{"id":"4HP65nTIUCeiNsphu6xi4Y","name":"countries_infa","description":"List of all the countries","documentType":"DICTIONARY","repoInfo":{"repoPath":"","repoHandle":"4HP65nTIUCeiNsphu6xi4Y"},"docRef":null,"customAttributes":{"stringAttrs":[]},"nativeData":{"id":"4HP65nTIUCeiNsphu6xi4Y","documentBlob":"{\"name\":\"\",\"defaultValueLiteral\":\"\",\"description\":\"\",\"readRelationalDSO\":{\"relationalFields\":[{\"name\":\"Column 1\",\"odbcPrecision\":512,\"label\":\"Countries\"},{\"name\":\"Column 2\",\"odbcPrecision\":512,\"label\":\"Countries1\"}]},\"tags\": []}"}},"data":"{\"cols\":[\"unique_row_identifier\",\"Column 1\",\"Column 2\"],\"rows\":[[50,\"Abkhazia\",\"Abkhazia\"],[51,\"Afghanistan\",\"Afghanistan\"],[52,\"Albania\",\"Albania\"],[53,\"Algeria\",\"Algeria\"],[54,\"Andorra\",\"Andorra\"],[55,\"Angola\",\"Angola\"],[56,\"Antigua and Barbuda\",\"Antigua and Barbuda\"],[57,\"Argentina\",\"Argentina\"],[58,\"Armenia\",\"Armenia\"],[59,\"Australia\",\"Australia\"],[60,\"Austria\",\"Austria\"],[61,\"Azerbaijan\",\"Azerbaijan\"],[62,\"Bahamas\",\"Bahamas\"],[63,\"Bahrain\",\"Bahrain\"],[64,\"Bangladesh\",\"Bangladesh\"],[65,\"Barbados\",\"Barbados\"],[66,\"Belarus\",\"Belarus\"],[67,\"Belgium\",\"Belgium\"],[68,\"Belize\",\"Belize\"],[69,\"Benin\",\"Benin\"],[70,\"Bhutan\",\"Bhutan\"],[71,\"Bolivia\",\"Bolivia\"],[72,\"Bosnia and Herzegovina\",\"Bosnia and Herzegovina\"],[73,\"Botswana\",\"Botswana\"],[74,\"Brazil\",\"Brazil\"],[75,\"Brunei\",\"Brunei\"],[76,\"Bulgaria\",\"Bulgaria\"],[77,\"Burkina Faso\",\"Burkina Faso\"],[78,\"Burma\",\"Burma\"],[79,\"Burundi\",\"Burundi\"],[80,\"Cambodia\",\"Cambodia\"],[81,\"Cameroon\",\"Cameroon\"],[82,\"Canada\",\"Canada\"],[83,\"Cape Verde\",\"Cape Verde\"],[84,\"Central African Republic\",\"Central African Republic\"],[85,\"Chad\",\"Chad\"],[86,\"Chile\",\"Chile\"],[87,\"China\",\"China\"],[88,\"Colombia\",\"Colombia\"],[89,\"Comoros\",\"Comoros\"],[90,\"Congo\",\"Congo\"],[91,\"Cook Islands\",\"Cook Islands\"],[92,\"Costa Rica\",\"Costa Rica\"],[93,\"Croatia\",\"Croatia\"],[94,\"Cuba\",\"Cuba\"],[95,\"Cyprus\",\"Cyprus\"],[96,\"Czech Republic\",\"Czech Republic\"],[97,\"Côte d'Ivoire\",\"Côte d'Ivoire\"],[98,\"Denmark\",\"Denmark\"],[99,\"Djibouti\",\"Djibouti\"],[100,\"Dominica\",\"Dominica\"],[101,\"Dominican Republic\",\"Dominican Republic\"],[102,\"East Timor\",\"East Timor\"],[103,\"Ecuador\",\"Ecuador\"],[104,\"Egypt\",\"Egypt\"],[105,\"El Salvador\",\"El Salvador\"],[106,\"Equatorial Guinea\",\"Equatorial Guinea\"],[107,\"Eritrea\",\"Eritrea\"],[108,\"Estonia\",\"Estonia\"],[109,\"Ethiopia\",\"Ethiopia\"],[110,\"Fiji\",\"Fiji\"],[111,\"Finland\",\"Finland\"],[112,\"France\",\"France\"],[113,\"Gabon\",\"Gabon\"],[114,\"Gambia\",\"Gambia\"],[115,\"Georgia\",\"Georgia\"],[116,\"Germany\",\"Germany\"],[117,\"Ghana\",\"Ghana\"],[118,\"Greece\",\"Greece\"],[119,\"Grenada\",\"Grenada\"],[120,\"Guatemala\",\"Guatemala\"],[121,\"Guinea\",\"Guinea\"],[122,\"Guinea-Bissau\",\"Guinea-Bissau\"],[123,\"Guyana\",\"Guyana\"],[124,\"Haiti\",\"Haiti\"],[125,\"Honduras\",\"Honduras\"],[126,\"Hungary\",\"Hungary\"],[127,\"Iceland\",\"Iceland\"],[128,\"India\",\"India\"],[129,\"Indonesia\",\"Indonesia\"],[130,\"Iran\",\"Iran\"],[131,\"Iraq\",\"Iraq\"],[132,\"Ireland\",\"Ireland\"],[133,\"Israel\",\"Israel\"],[134,\"Italy\",\"Italy\"],[135,\"Ivory Coast\",\"Ivory Coast\"],[136,\"Jamaica\",\"Jamaica\"],[137,\"Japan\",\"Japan\"],[138,\"Jordan\",\"Jordan\"],[139,\"Kazakhstan\",\"Kazakhstan\"],[140,\"Kenya\",\"Kenya\"],[141,\"Kiribati\",\"Kiribati\"],[142,\"Korea\",\"Korea\"],[143,\"Korea\",\"Korea\"],[144,\"Kosovo\",\"Kosovo\"],[145,\"Kuwait\",\"Kuwait\"],[146,\"Kyrgyzstan\",\"Kyrgyzstan\"],[147,\"Laos\",\"Laos\"],[148,\"Latvia\",\"Latvia\"],[149,\"Lebanon\",\"Lebanon\"],[150,\"Lesotho\",\"Lesotho\"],[151,\"Liberia\",\"Liberia\"],[152,\"Libya\",\"Libya\"],[153,\"Liechtenstein\",\"Liechtenstein\"],[154,\"Lithuania\",\"Lithuania\"],[155,\"Luxembourg\",\"Luxembourg\"],[156,\"Macedonia\",\"Macedonia\"],[157,\"Madagascar\",\"Madagascar\"],[158,\"Malawi\",\"Malawi\"],[159,\"Malaysia\",\"Malaysia\"],[160,\"Maldives\",\"Maldives\"],[161,\"Mali\",\"Mali\"],[162,\"Malta\",\"Malta\"],[163,\"Marshall Islands\",\"Marshall Islands\"],[164,\"Mauritania\",\"Mauritania\"],[165,\"Mauritius\",\"Mauritius\"],[166,\"Mexico\",\"Mexico\"],[167,\"Micronesia\",\"Micronesia\"],[168,\"Moldova\",\"Moldova\"],[169,\"Monaco\",\"Monaco\"],[170,\"Mongolia\",\"Mongolia\"],[171,\"Montenegro\",\"Montenegro\"],[172,\"Morocco\",\"Morocco\"],[173,\"Mozambique\",\"Mozambique\"],[174,\"Myanmar / Burma\",\"Myanmar / Burma\"],[175,\"Nagorno-Karabakh\",\"Nagorno-Karabakh\"],[176,\"Namibia\",\"Namibia\"],[177,\"Nauru\",\"Nauru\"],[178,\"Nepal\",\"Nepal\"],[179,\"Netherlands\",\"Netherlands\"],[180,\"New Zealand\",\"New Zealand\"],[181,\"Nicaragua\",\"Nicaragua\"],[182,\"Niger\",\"Niger\"],[183,\"Nigeria\",\"Nigeria\"],[184,\"Niue\",\"Niue\"],[185,\"Northern Cyprus\",\"Northern Cyprus\"],[186,\"Norway\",\"Norway\"],[187,\"Oman\",\"Oman\"],[188,\"Pakistan\",\"Pakistan\"],[189,\"Palau\",\"Palau\"],[190,\"Palestine\",\"Palestine\"],[191,\"Panama\",\"Panama\"],[192,\"Papua New Guinea\",\"Papua New Guinea\"],[193,\"Paraguay\",\"Paraguay\"],[194,\"Peru\",\"Peru\"],[195,\"Philippines\",\"Philippines\"],[196,\"Poland\",\"Poland\"],[197,\"Portugal\",\"Portugal\"],[198,\"Qatar\",\"Qatar\"],[199,\"Romania\",\"Romania\"],[200,\"Russia\",\"Russia\"],[201,\"Rwanda\",\"Rwanda\"],[202,\"Sahrawi Arab Democratic Republic\",\"Sahrawi Arab Democratic Republic\"],[203,\"Saint Kitts and Nevis\",\"Saint Kitts and Nevis\"],[204,\"Saint Lucia\",\"Saint Lucia\"],[205,\"Saint Vincent and the Grenadines\",\"Saint Vincent and the Grenadines\"],[206,\"Samoa\",\"Samoa\"],[207,\"San Marino\",\"San Marino\"],[208,\"Saudi Arabia\",\"Saudi Arabia\"],[209,\"Senegal\",\"Senegal\"],[210,\"Serbia\",\"Serbia\"],[211,\"Seychelles\",\"Seychelles\"],[212,\"Sierra Leone\",\"Sierra Leone\"],[213,\"Singapore\",\"Singapore\"],[214,\"Slovakia\",\"Slovakia\"],[215,\"Slovenia\",\"Slovenia\"],[216,\"Solomon Islands\",\"Solomon Islands\"],[217,\"Somalia\",\"Somalia\"],[218,\"Somaliland\",\"Somaliland\"],[219,\"South Africa\",\"South Africa\"],[220,\"South Ossetia\",\"South Ossetia\"],[221,\"Spain\",\"Spain\"],[222,\"Sri Lanka\",\"Sri Lanka\"],[223,\"Sudan\",\"Sudan\"],[224,\"Suriname\",\"Suriname\"],[225,\"Swaziland\",\"Swaziland\"],[226,\"Sweden\",\"Sweden\"],[227,\"Switzerland\",\"Switzerland\"],[228,\"Syria\",\"Syria\"],[229,\"São Tomé and Príncipe\",\"São Tomé and Príncipe\"],[230,\"Taiwan\",\"Taiwan\"],[231,\"Tajikistan\",\"Tajikistan\"],[232,\"Tanzania\",\"Tanzania\"],[233,\"Thailand\",\"Thailand\"],[234,\"Timor-Leste / East Timor\",\"Timor-Leste / East Timor\"],[235,\"Togo\",\"Togo\"],[236,\"Tonga\",\"Tonga\"],[237,\"Trinidad and Tobago\",\"Trinidad and Tobago\"],[238,\"Tunisia\",\"Tunisia\"],[239,\"Turkey\",\"Turkey\"],[240,\"Turkmenistan\",\"Turkmenistan\"],[241,\"Tuvalu\",\"Tuvalu\"],[242,\"Uganda\",\"Uganda\"],[243,\"Ukraine\",\"Ukraine\"],[244,\"United Arab Emirates\",\"United Arab Emirates\"],[245,\"United Kingdom\",\"United Kingdom\"],[246,\"United States\",\"United States\"],[247,\"Uruguay\",\"Uruguay\"],[248,\"Uzbekistan\",\"Uzbekistan\"],[249,\"Vanuatu\",\"Vanuatu\"],[250,\"Vatican City\",\"Vatican City\"],[251,\"Venezuela\",\"Venezuela\"],[252,\"Vietnam\",\"Vietnam\"],[253,\"Yemen\",\"Yemen\"],[254,\"Zambia\",\"Zambia\"],[255,\"Zimbabwe\",\"Zimbabwe\"]]}"}