{"doc":{"id":"3Rx4t6yNmwskjbS1Mk2zqG","name":"Email_Domain_Name_Infa","description":"contains domain names for email address  (eg: .com , .net  , etc)","documentType":"DICTIONARY","repoInfo":{"repoPath":"","repoHandle":"3Rx4t6yNmwskjbS1Mk2zqG"},"docRef":null,"customAttributes":{"stringAttrs":[]},"nativeData":{"id":"3Rx4t6yNmwskjbS1Mk2zqG","documentBlob":"{\"name\":\"\",\"defaultValueLiteral\":\"\",\"description\":\"\",\"readRelationalDSO\":{\"relationalFields\":[{\"name\":\"Column 1\",\"odbcPrecision\":512,\"label\":\"Column 1\"}]},\"tags\": []}"}},"data":"{\"cols\":[\"unique_row_identifier\",\"Column 1\"],\"rows\":[[50,\".com\"],[51,\".net\"],[52,\".org\"],[53,\".info\"],[54,\".biz\"],[55,\".mobi\"],[56,\".asia\"],[57,\".eu\"],[58,\".name\"],[59,\".us\"],[60,\".co.uk\"],[61,\".org.uk\"],[62,\".me.uk\"],[63,\".co\"],[64,\".com.co\"],[65,\".net.co\"],[66,\".nom.co\"]]}"}