{"doc":{"id":"1ilngaMFY2rishz7AgEySX","name":"numbers_special_characters_infa","description":"The reference table contains a list numbers and special characters including two spaces.","documentType":"DICTIONARY","repoInfo":{"repoPath":"","repoHandle":"1ilngaMFY2rishz7AgEySX"},"docRef":null,"customAttributes":{"stringAttrs":[]},"nativeData":{"id":"1ilngaMFY2rishz7AgEySX","documentBlob":"{\"name\":\"\",\"defaultValueLiteral\":\"\",\"description\":\"\",\"readRelationalDSO\":{\"relationalFields\":[{\"name\":\"Column 1\",\"odbcPrecision\":512,\"label\":\"Column 1\"},{\"name\":\"Column 2\",\"odbcPrecision\":512,\"label\":\"Column 2\"}]},\"tags\": []}"}},"data":"{\"cols\":[\"unique_row_identifier\",\"Column 1\",\"Column 2\"],\"rows\":[[0,\"~\",\"1\"],[1,\"`\",\"1\"],[2,\"!\",\"1\"],[3,\"@\",\"1\"],[4,\"#\",\"1\"],[5,\"$\",\"1\"],[6,\"%\",\"1\"],[7,\"^\",\"1\"],[8,\"&\",\"1\"],[9,\"*\",\"1\"],[10,\"(\",\"1\"],[11,\")\",\"1\"],[12,\"_\",\"1\"],[13,\"-\",\"1\"],[14,\"+\",\"1\"],[15,\"=\",\"1\"],[16,\"|\",\"1\"],[17,\"\\\\\",\"1\"],[18,\"]\",\"1\"],[19,\"[\",\"1\"],[20,\"}\",\"1\"],[21,\"{\",\"1\"],[22,\"\\\"\",\"1\"],[23,\"'\",\"1\"],[24,\";\",\"1\"],[25,\"?\",\"1\"],[26,\"/\",\"1\"],[27,\">\",\"1\"],[28,\"<\",\"1\"],[29,\".\",\"1\"],[30,\":\",\"1\"],[31,\"1\",\"1\"],[32,\"2\",\"1\"],[33,\"3\",\"1\"],[34,\"4\",\"1\"],[35,\"5\",\"1\"],[36,\"6\",\"1\"],[37,\"7\",\"1\"],[38,\"8\",\"1\"],[39,\"9\",\"1\"],[40,\"0\",\"1\"],[41,\"\",\"\"],[42,\"\",\"\"],[43,\"\",\"\"],[44,\"\",\"\"],[45,\"\",\"\"],[46,\"\",\"\"],[47,\"\",\"\"],[48,\"\",\"\"],[49,\"\",\"\"],[50,\"\",\"\"],[51,\"\",\"\"],[52,\"\",\"\"],[53,\"\",\"\"],[54,\"\",\"\"],[55,\"\",\"\"],[56,\"\",\"\"]]}"}