{"doc":{"id":"9KQ2ehL4KY2lVUQjesxDKF","name":"phone_chars_infa","description":"List of special characters that can be used as part of phone number","documentType":"DICTIONARY","repoInfo":{"repoPath":"","repoHandle":"9KQ2ehL4KY2lVUQjesxDKF"},"docRef":null,"customAttributes":{"stringAttrs":[]},"nativeData":{"id":"9KQ2ehL4KY2lVUQjesxDKF","documentBlob":"{\"name\":\"\",\"defaultValueLiteral\":\"\",\"description\":\"\",\"readRelationalDSO\":{\"relationalFields\":[{\"name\":\"Column 1\",\"odbcPrecision\":512,\"label\":\"Column 1\"},{\"name\":\"Column 2\",\"odbcPrecision\":512,\"label\":\"Column 2\"}]},\"tags\": []}"}},"data":"{\"cols\":[\"unique_row_identifier\",\"Column 1\",\"Column 2\"],\"rows\":[[0,\"+\",\"+\"],[1,\"-\",\"-\"],[2,\" \",\" \"],[3,\"(\",\"(\"],[4,\")\",\")\"]]}"}