{"doc":{"id":"8wIPrDVW6gKh7vIO3UEV6q","name":"timezones_infa","description":"List of all timezones","documentType":"DICTIONARY","repoInfo":{"repoPath":"","repoHandle":"8wIPrDVW6gKh7vIO3UEV6q"},"docRef":null,"customAttributes":{"stringAttrs":[]},"nativeData":{"id":"8wIPrDVW6gKh7vIO3UEV6q","documentBlob":"{\"name\":\"\",\"defaultValueLiteral\":\"\",\"description\":\"\",\"readRelationalDSO\":{\"relationalFields\":[{\"name\":\"Column 1\",\"odbcPrecision\":512,\"label\":\"Abbreviation\"},{\"name\":\"Column 2\",\"odbcPrecision\":512,\"label\":\"Time zone name\"},{\"name\":\"Column 3\",\"odbcPrecision\":512,\"label\":\"Location\"},{\"name\":\"Column 4\",\"odbcPrecision\":512,\"label\":\"Offset\"}]},\"tags\": []}"}},"data":"{\"cols\":[\"unique_row_identifier\",\"Column 1\",\"Column 2\",\"Column 3\",\"Column 4\"],\"rows\":[[51,\"A\",\"Alpha Time Zone\",\"Military\",\"UTC+1\"],[52,\"ACDT\",\"Australian Central Daylight Time\",\"Australia\",\"UTC+10:30\"],[53,\"ACST\",\"Australian Central Standard Time\",\"Australia\",\"UTC+9:30\"],[54,\"ACT\",\"Acre Time\",\"South America\",\"UTC-5\"],[55,\"ACT\",\"Australian Central Time\",\"Australia\",\"UTC+9:30\"],[56,\"ACT\",\"Australian Central Time\",\"Australia\",\"UTC+10:30\"],[57,\"ACWST\",\"Australian Central Western Standard Time\",\"Australia\",\"UTC+8:45\"],[58,\"ADT\",\"Arabia Daylight Time\",\"Asia\",\"UTC+4\"],[59,\"ADT\",\"Atlantic Daylight Time\",\"North America\",\"UTC-3\"],[60,\"AEDT\",\"Australian Eastern Daylight Time\",\"Australia\",\"UTC+11\"],[61,\"AEST\",\"Australian Eastern Standard Time\",\"Australia\",\"UTC+10\"],[62,\"AET\",\"Australian Eastern Time\",\"Australia\",\"UTC+11:00\"],[63,\"AET\",\"Australian Eastern Time\",\"Australia\",\"UTC+10:00\"],[64,\"AFT\",\"Afghanistan Time\",\"Asia\",\"UTC+4:30\"],[65,\"AKDT\",\"Alaska Daylight Time\",\"North America\",\"UTC-8\"],[66,\"AKST\",\"Alaska Standard Time\",\"North America\",\"UTC-9\"],[67,\"ALMT\",\"Alma-Ata Time\",\"Asia\",\"UTC+6\"],[68,\"AMST\",\"Amazon Summer Time\",\"South America\",\"UTC-3\"],[69,\"AMST\",\"Armenia Summer Time\",\"Asia\",\"UTC+5\"],[70,\"AMT\",\"Amazon Time\",\"South America\",\"UTC-4\"],[71,\"AMT\",\"Armenia Time\",\"Asia\",\"UTC+4\"],[72,\"ANAST\",\"Anadyr Summer Time\",\"Asia\",\"UTC+12\"],[73,\"ANAT\",\"Anadyr Time\",\"Asia\",\"UTC+12\"],[74,\"AQTT\",\"Aqtobe Time\",\"Asia\",\"UTC+5\"],[75,\"ART\",\"Argentina Time\",\"Antarctica\",\"UTC-3\"],[76,\"AST\",\"Arabia Standard Time\",\"Asia\",\"UTC+3\"],[77,\"AST\",\"Atlantic Standard Time\",\"North America\",\"UTC-4\"],[78,\"AT\",\"Atlantic Time\",\"North America\",\"UTC-3:00\"],[79,\"AT\",\"Atlantic Time\",\"North America\",\"UTC-4:00\"],[80,\"AWDT\",\"Australian Western Daylight Time\",\"Australia\",\"UTC+9\"],[81,\"AWST\",\"Australian Western Standard Time\",\"Australia\",\"UTC+8\"],[82,\"AZOST\",\"Azores Summer Time\",\"Atlantic\",\"UTC+0\"],[83,\"AZOT\",\"Azores Time\",\"Atlantic\",\"UTC-1\"],[84,\"AZST\",\"Azerbaijan Summer Time\",\"Asia\",\"UTC+5\"],[85,\"AZT\",\"Azerbaijan Time\",\"Asia\",\"UTC+4\"],[86,\"AoE\",\"Anywhere on Earth\",\"Pacific\",\"UTC-12\"],[87,\"B\",\"Bravo Time Zone\",\"Military\",\"UTC+2\"],[88,\"BNT\",\"Brunei Darussalam Time\",\"Asia\",\"UTC+8\"],[89,\"BOT\",\"Bolivia Time\",\"South America\",\"UTC-4\"],[90,\"BRST\",\"Bras�lia Summer Time\",\"South America\",\"UTC-2\"],[91,\"BRT\",\"Bras�lia Time\",\"South America\",\"UTC-3\"],[92,\"BST\",\"Bangladesh Standard Time\",\"Asia\",\"UTC+6\"],[93,\"BST\",\"Bougainville Standard Time\",\"Pacific\",\"UTC+11\"],[94,\"BST\",\"British Summer Time\",\"Europe\",\"UTC+1\"],[95,\"BTT\",\"Bhutan Time\",\"Asia\",\"UTC+6\"],[96,\"C\",\"Charlie Time Zone\",\"Military\",\"UTC+3\"],[97,\"CAST\",\"Casey Time\",\"Antarctica\",\"UTC+8\"],[98,\"CAT\",\"Central Africa Time\",\"Africa\",\"UTC+2\"],[99,\"CCT\",\"Cocos Islands Time\",\"Indian Ocean\",\"UTC+6:30\"],[100,\"CDT\",\"Central Daylight Time\",\"North America\",\"UTC-5\"],[101,\"CDT\",\"Cuba Daylight Time\",\"Caribbean\",\"UTC-4\"],[102,\"CEST\",\"Central European Summer Time\",\"Europe\",\"UTC+2\"],[103,\"CET\",\"Central European Time\",\"Europe\",\"UTC+1\"],[104,\"CHADT\",\"Chatham Island Daylight Time\",\"Pacific\",\"UTC+13:45\"],[105,\"CHAST\",\"Chatham Island Standard Time\",\"Pacific\",\"UTC+12:45\"],[106,\"CHOST\",\"Choibalsan Summer Time\",\"Asia\",\"UTC+9\"],[107,\"CHOT\",\"Choibalsan Time\",\"Asia\",\"UTC+8\"],[108,\"CHUT\",\"Chuuk Time\",\"Pacific\",\"UTC+10\"],[109,\"CIDST\",\"Cayman Islands Daylight Saving Time\",\"Caribbean\",\"UTC-4\"],[110,\"CIST\",\"Cayman Islands Standard Time\",\"Caribbean\",\"UTC-5\"],[111,\"CKT\",\"Cook Island Time\",\"Pacific\",\"UTC-10\"],[112,\"CLST\",\"Chile Summer Time\",\"South America\",\"UTC-3\"],[113,\"CLT\",\"Chile Standard Time\",\"South America\",\"UTC-4\"],[114,\"COT\",\"Colombia Time\",\"South America\",\"UTC-5\"],[115,\"CST\",\"Central Standard Time\",\"North America\",\"UTC-6\"],[116,\"CST\",\"China Standard Time\",\"Asia\",\"UTC+8\"],[117,\"CST\",\"Cuba Standard Time\",\"Caribbean\",\"UTC-5\"],[118,\"CT\",\"Central Time\",\"North America\",\"UTC-5:00\"],[119,\"CT\",\"Central Time\",\"North America\",\"UTC-6:00\"],[120,\"CVT\",\"Cape Verde Time\",\"Africa\",\"UTC-1\"],[121,\"CXT\",\"Christmas Island Time\",\"Australia\",\"UTC+7\"],[122,\"ChST\",\"Chamorro Standard Time\",\"Pacific\",\"UTC+10\"],[123,\"D\",\"Delta Time Zone\",\"Military\",\"UTC+4\"],[124,\"DAVT\",\"Davis Time\",\"Antarctica\",\"UTC+7\"],[125,\"DDUT\",\"Dumont-d'Urville Time\",\"Antarctica\",\"UTC+10\"],[126,\"E\",\"Echo Time Zone\",\"Military\",\"UTC+5\"],[127,\"EASST\",\"Easter Island Summer Time\",\"Pacific\",\"UTC-5\"],[128,\"EAST\",\"Easter Island Standard Time\",\"Pacific\",\"UTC-6\"],[129,\"EAT\",\"Eastern Africa Time\",\"Africa\",\"UTC+3\"],[130,\"ECT\",\"Ecuador Time\",\"South America\",\"UTC-5\"],[131,\"EDT\",\"Eastern Daylight Time\",\"North America\",\"UTC-4\"],[132,\"EEST\",\"Eastern European Summer Time\",\"Europe\",\"UTC+3\"],[133,\"EET\",\"Eastern European Time\",\"Europe\",\"UTC+2\"],[134,\"EGST\",\"Eastern Greenland Summer Time\",\"North America\",\"UTC+0\"],[135,\"EGT\",\"East Greenland Time\",\"North America\",\"UTC-1\"],[136,\"EST\",\"Eastern Standard Time\",\"North America\",\"UTC-5\"],[137,\"ET\",\"Eastern Time\",\"North America\",\"UTC-4:00\"],[138,\"ET\",\"Eastern Time\",\"North America\",\"UTC-5:00\"],[139,\"F\",\"Foxtrot Time Zone\",\"Military\",\"UTC+6\"],[140,\"FET\",\"Further-Eastern European Time\",\"Europe\",\"UTC+3\"],[141,\"FJST\",\"Fiji Summer Time\",\"Pacific\",\"UTC+13\"],[142,\"FJT\",\"Fiji Time\",\"Pacific\",\"UTC+12\"],[143,\"FKST\",\"Falkland Islands Summer Time\",\"South America\",\"UTC-3\"],[144,\"FKT\",\"Falkland Island Time\",\"South America\",\"UTC-4\"],[145,\"FNT\",\"Fernando de Noronha Time\",\"South America\",\"UTC-2\"],[146,\"G\",\"Golf Time Zone\",\"Military\",\"UTC+7\"],[147,\"GALT\",\"Galapagos Time\",\"Pacific\",\"UTC-6\"],[148,\"GAMT\",\"Gambier Time\",\"Pacific\",\"UTC-9\"],[149,\"GET\",\"Georgia Standard Time\",\"Asia\",\"UTC+4\"],[150,\"GFT\",\"French Guiana Time\",\"South America\",\"UTC-3\"],[151,\"GILT\",\"Gilbert Island Time\",\"Pacific\",\"UTC+12\"],[152,\"GMT\",\"Greenwich Mean Time\",\"Europe\",\"UTC+0\"],[153,\"GST\",\"Gulf Standard Time\",\"Asia\",\"UTC+4\"],[154,\"GST\",\"South Georgia Time\",\"South America\",\"UTC-2\"],[155,\"GYT\",\"Guyana Time\",\"South America\",\"UTC-4\"],[156,\"H\",\"Hotel Time Zone\",\"Military\",\"UTC+8\"],[157,\"HDT\",\"Hawaii-Aleutian Daylight Time\",\"North America\",\"UTC-9\"],[158,\"HKT\",\"Hong Kong Time\",\"Asia\",\"UTC+8\"],[159,\"HOVST\",\"Hovd Summer Time\",\"Asia\",\"UTC+8\"],[160,\"HOVT\",\"Hovd Time\",\"Asia\",\"UTC+7\"],[161,\"HST\",\"Hawaii Standard Time\",\"North America\",\"UTC-10\"],[162,\"I\",\"India Time Zone\",\"Military\",\"UTC+9\"],[163,\"ICT\",\"Indochina Time\",\"Asia\",\"UTC+7\"],[164,\"IDT\",\"Israel Daylight Time\",\"Asia\",\"UTC+3\"],[165,\"IOT\",\"Indian Chagos Time\",\"Indian Ocean\",\"UTC+6\"],[166,\"IRDT\",\"Iran Daylight Time\",\"Asia\",\"UTC+4:30\"],[167,\"IRKST\",\"Irkutsk Summer Time\",\"Asia\",\"UTC+9\"],[168,\"IRKT\",\"Irkutsk Time\",\"Asia\",\"UTC+8\"],[169,\"IRST\",\"Iran Standard Time\",\"Asia\",\"UTC+3:30\"],[170,\"IST\",\"India Standard Time\",\"Asia\",\"UTC+5:30\"],[171,\"IST\",\"Irish Standard Time\",\"Europe\",\"UTC+1\"],[172,\"IST\",\"Israel Standard Time\",\"Asia\",\"UTC+2\"],[173,\"JST\",\"Japan Standard Time\",\"Asia\",\"UTC+9\"],[174,\"K\",\"Kilo Time Zone\",\"Military\",\"UTC+10\"],[175,\"KGT\",\"Kyrgyzstan Time\",\"Asia\",\"UTC+6\"],[176,\"KOST\",\"Kosrae Time\",\"Pacific\",\"UTC+11\"],[177,\"KRAST\",\"Krasnoyarsk Summer Time\",\"Asia\",\"UTC+8\"],[178,\"KRAT\",\"Krasnoyarsk Time\",\"Asia\",\"UTC+7\"],[179,\"KST\",\"Korea Standard Time\",\"Asia\",\"UTC+9\"],[180,\"KUYT\",\"Kuybyshev Time\",\"Europe\",\"UTC+4\"],[181,\"L\",\"Lima Time Zone\",\"Military\",\"UTC+11\"],[182,\"LHDT\",\"Lord Howe Daylight Time\",\"Australia\",\"UTC+11\"],[183,\"LHST\",\"Lord Howe Standard Time\",\"Australia\",\"UTC+10:30\"],[184,\"LINT\",\"Line Islands Time\",\"Pacific\",\"UTC+14\"],[185,\"M\",\"Mike Time Zone\",\"Military\",\"UTC+12\"],[186,\"MAGST\",\"Magadan Summer Time\",\"Asia\",\"UTC+12\"],[187,\"MAGT\",\"Magadan Time\",\"Asia\",\"UTC+11\"],[188,\"MART\",\"Marquesas Time\",\"Pacific\",\"UTC-9:30\"],[189,\"MAWT\",\"Mawson Time\",\"Antarctica\",\"UTC+5\"],[190,\"MDT\",\"Mountain Daylight Time\",\"North America\",\"UTC-6\"],[191,\"MHT\",\"Marshall Islands Time\",\"Pacific\",\"UTC+12\"],[192,\"MMT\",\"Myanmar Time\",\"Asia\",\"UTC+6:30\"],[193,\"MSD\",\"Moscow Daylight Time\",\"Europe\",\"UTC+4\"],[194,\"MSK\",\"Moscow Standard Time\",\"Europe\",\"UTC+3\"],[195,\"MST\",\"Mountain Standard Time\",\"North America\",\"UTC-7\"],[196,\"MT\",\"Mountain Time\",\"North America\",\"UTC-6:00\"],[197,\"MT\",\"Mountain Time\",\"North America\",\"UTC-7:00\"],[198,\"MUT\",\"Mauritius Time\",\"Africa\",\"UTC+4\"],[199,\"MVT\",\"Maldives Time\",\"Asia\",\"UTC+5\"],[200,\"MYT\",\"Malaysia Time\",\"Asia\",\"UTC+8\"],[201,\"N\",\"November Time Zone\",\"Military\",\"UTC-1\"],[202,\"NCT\",\"New Caledonia Time\",\"Pacific\",\"UTC+11\"],[203,\"NDT\",\"Newfoundland Daylight Time\",\"North America\",\"UTC-2:30\"],[204,\"NFDT\",\"Norfolk Daylight Time\",\"Australia\",\"UTC+12\"],[205,\"NFT\",\"Norfolk Time\",\"Australia\",\"UTC+11\"],[206,\"NOVST\",\"Novosibirsk Summer Time\",\"Asia\",\"UTC+7\"],[207,\"NOVT\",\"Novosibirsk Time\",\"Asia\",\"UTC+7\"],[208,\"NPT\",\"Nepal Time\",\"Asia\",\"UTC+5:45\"],[209,\"NRT\",\"Nauru Time\",\"Pacific\",\"UTC+12\"],[210,\"NST\",\"Newfoundland Standard Time\",\"North America\",\"UTC-3:30\"],[211,\"NUT\",\"Niue Time\",\"Pacific\",\"UTC-11\"],[212,\"NZDT\",\"New Zealand Daylight Time\",\"Pacific\",\"UTC+13\"],[213,\"NZST\",\"New Zealand Standard Time\",\"Pacific\",\"UTC+12\"],[214,\"O\",\"Oscar Time Zone\",\"Military\",\"UTC-2\"],[215,\"OMSST\",\"Omsk Summer Time\",\"Asia\",\"UTC+7\"],[216,\"OMST\",\"Omsk Standard Time\",\"Asia\",\"UTC+6\"],[217,\"ORAT\",\"Oral Time\",\"Asia\",\"UTC+5\"],[218,\"P\",\"Papa Time Zone\",\"Military\",\"UTC-3\"],[219,\"PDT\",\"Pacific Daylight Time\",\"North America\",\"UTC-7\"],[220,\"PET\",\"Peru Time\",\"South America\",\"UTC-5\"],[221,\"PETST\",\"Kamchatka Summer Time\",\"Asia\",\"UTC+12\"],[222,\"PETT\",\"Kamchatka Time\",\"Asia\",\"UTC+12\"],[223,\"PGT\",\"Papua New Guinea Time\",\"Pacific\",\"UTC+10\"],[224,\"PHOT\",\"Phoenix Island Time\",\"Pacific\",\"UTC+13\"],[225,\"PHT\",\"Philippine Time\",\"Asia\",\"UTC+8\"],[226,\"PKT\",\"Pakistan Standard Time\",\"Asia\",\"UTC+5\"],[227,\"PMDT\",\"Pierre & Miquelon Daylight Time\",\"North America\",\"UTC-2\"],[228,\"PMST\",\"Pierre & Miquelon Standard Time\",\"North America\",\"UTC-3\"],[229,\"PONT\",\"Pohnpei Standard Time\",\"Pacific\",\"UTC+11\"],[230,\"PST\",\"Pacific Standard Time\",\"North America\",\"UTC-8\"],[231,\"PST\",\"Pitcairn Standard Time\",\"Pacific\",\"UTC-8\"],[232,\"PT\",\"Pacific Time\",\"North America\",\"UTC-7:00\"],[233,\"PT\",\"Pacific Time\",\"North America\",\"UTC-8:00\"],[234,\"PWT\",\"Palau Time\",\"Pacific\",\"UTC+9\"],[235,\"PYST\",\"Paraguay Summer Time\",\"South America\",\"UTC-3\"],[236,\"PYT\",\"Paraguay Time\",\"South America\",\"UTC-4\"],[237,\"PYT\",\"Pyongyang Time\",\"Asia\",\"UTC+8:30\"],[238,\"Q\",\"Quebec Time Zone\",\"Military\",\"UTC-4\"],[239,\"QYZT\",\"Qyzylorda Time\",\"Asia\",\"UTC+6\"],[240,\"R\",\"Romeo Time Zone\",\"Military\",\"UTC-5\"],[241,\"RET\",\"Reunion Time\",\"Africa\",\"UTC+4\"],[242,\"ROTT\",\"Rothera Time\",\"Antarctica\",\"UTC-3\"],[243,\"S\",\"Sierra Time Zone\",\"Military\",\"UTC-6\"],[244,\"SAKT\",\"Sakhalin Time\",\"Asia\",\"UTC+11\"],[245,\"SAMT\",\"Samara Time\",\"Europe\",\"UTC+4\"],[246,\"SAST\",\"South Africa Standard Time\",\"Africa\",\"UTC+2\"],[247,\"SBT\",\"Solomon Islands Time\",\"Pacific\",\"UTC+11\"],[248,\"SCT\",\"Seychelles Time\",\"Africa\",\"UTC+4\"],[249,\"SGT\",\"Singapore Time\",\"Asia\",\"UTC+8\"],[250,\"SRET\",\"Srednekolymsk Time\",\"Asia\",\"UTC+11\"],[251,\"SRT\",\"Suriname Time\",\"South America\",\"UTC-3\"],[252,\"SST\",\"Samoa Standard Time\",\"Pacific\",\"UTC-11\"],[253,\"SYOT\",\"Syowa Time\",\"Antarctica\",\"UTC+3\"],[254,\"T\",\"Tango Time Zone\",\"Military\",\"UTC-7\"],[255,\"TAHT\",\"Tahiti Time\",\"Pacific\",\"UTC-10\"],[256,\"TFT\",\"French Southern and Antarctic Time\",\"Indian Ocean\",\"UTC+5\"],[257,\"TJT\",\"Tajikistan Time\",\"Asia\",\"UTC+5\"],[258,\"TKT\",\"Tokelau Time\",\"Pacific\",\"UTC+13\"],[259,\"TLT\",\"East Timor Time\",\"Asia\",\"UTC+9\"],[260,\"TMT\",\"Turkmenistan Time\",\"Asia\",\"UTC+5\"],[261,\"TOST\",\"Tonga Summer Time\",\"Pacific\",\"UTC+14\"],[262,\"TOT\",\"Tonga Time\",\"Pacific\",\"UTC+13\"],[263,\"TRT\",\"Turkey Time\",\"Asia\",\"UTC+3\"],[264,\"TVT\",\"Tuvalu Time\",\"Pacific\",\"UTC+12\"],[265,\"U\",\"Uniform Time Zone\",\"Military\",\"UTC-8\"],[266,\"ULAST\",\"Ulaanbaatar Summer Time\",\"Asia\",\"UTC+9\"],[267,\"ULAT\",\"Ulaanbaatar Time\",\"Asia\",\"UTC+8\"],[268,\"UTC\",\"Coordinated Universal Time\",\"Worldwide\",\"UTC\"],[269,\"UYST\",\"Uruguay Summer Time\",\"South America\",\"UTC-2\"],[270,\"UYT\",\"Uruguay Time\",\"South America\",\"UTC-3\"],[271,\"UZT\",\"Uzbekistan Time\",\"Asia\",\"UTC+5\"],[272,\"V\",\"Victor Time Zone\",\"Military\",\"UTC-9\"],[273,\"VET\",\"Venezuelan Standard Time\",\"South America\",\"UTC-4\"],[274,\"VLAST\",\"Vladivostok Summer Time\",\"Asia\",\"UTC+11\"],[275,\"VLAT\",\"Vladivostok Time\",\"Asia\",\"UTC+10\"],[276,\"VOST\",\"Vostok Time\",\"Antarctica\",\"UTC+6\"],[277,\"VUT\",\"Vanuatu Time\",\"Pacific\",\"UTC+11\"],[278,\"W\",\"Whiskey Time Zone\",\"Military\",\"UTC-10\"],[279,\"WAKT\",\"Wake Time\",\"Pacific\",\"UTC+12\"],[280,\"WARST\",\"Western Argentine Summer Time\",\"South America\",\"UTC-3\"],[281,\"WAST\",\"West Africa Summer Time\",\"Africa\",\"UTC+2\"],[282,\"WAT\",\"West Africa Time\",\"Africa\",\"UTC+1\"],[283,\"WEST\",\"Western European Summer Time\",\"Europe\",\"UTC+1\"],[284,\"WET\",\"Western European Time\",\"Europe\",\"UTC+0\"],[285,\"WFT\",\"Wallis and Futuna Time\",\"Pacific\",\"UTC+12\"],[286,\"WGST\",\"Western Greenland Summer Time\",\"North America\",\"UTC-2\"],[287,\"WGT\",\"West Greenland Time\",\"North America\",\"UTC-3\"],[288,\"WIB\",\"Western Indonesian Time\",\"Asia\",\"UTC+7\"],[289,\"WIT\",\"Eastern Indonesian Time\",\"Asia\",\"UTC+9\"],[290,\"WITA\",\"Central Indonesian Time\",\"Asia\",\"UTC+8\"],[291,\"WST\",\"West Samoa Time\",\"Pacific\",\"UTC+14\"],[292,\"WST\",\"Western Sahara Summer Time\",\"Africa\",\"UTC+1\"],[293,\"WT\",\"Western Sahara Standard Time\",\"Africa\",\"UTC+0\"],[294,\"X\",\"X-ray Time Zone\",\"Military\",\"UTC-11\"],[295,\"Y\",\"Yankee Time Zone\",\"Military\",\"UTC-12\"],[296,\"YAKST\",\"Yakutsk Summer Time\",\"Asia\",\"UTC+10\"],[297,\"YAKT\",\"Yakutsk Time\",\"Asia\",\"UTC+9\"],[298,\"YAPT\",\"Yap Time\",\"Pacific\",\"UTC+10\"],[299,\"YEKST\",\"Yekaterinburg Summer Time\",\"Asia\",\"UTC+6\"],[300,\"YEKT\",\"Yekaterinburg Time\",\"Asia\",\"UTC+5\"],[301,\"Z\",\"Zulu Time Zone\",\"Military\",\"UTC+0\"]]}"}