{"doc":{"id":"6RMpOoaNeLnbR8r8ASFEcD","name":"US_Can_States_Infa","description":"Contains name of State/provinces of US & Canada","documentType":"DICTIONARY","repoInfo":{"repoPath":"","repoHandle":"6RMpOoaNeLnbR8r8ASFEcD"},"docRef":null,"customAttributes":{"stringAttrs":[]},"nativeData":{"id":"6RMpOoaNeLnbR8r8ASFEcD","documentBlob":"{\"name\":\"\",\"defaultValueLiteral\":\"\",\"description\":\"\",\"readRelationalDSO\":{\"relationalFields\":[{\"name\":\"Column 1\",\"odbcPrecision\":512,\"label\":\"Column 1\"},{\"name\":\"Column 2\",\"odbcPrecision\":512,\"label\":\"Column 2\"},{\"name\":\"Column 3\",\"odbcPrecision\":512,\"label\":\"Column 3\"},{\"name\":\"Column 4\",\"odbcPrecision\":512,\"label\":\"Column 4\"},{\"name\":\"Column 5\",\"odbcPrecision\":512,\"label\":\"Column 5\"},{\"name\":\"Column 6\",\"odbcPrecision\":512,\"label\":\"Column 6\"},{\"name\":\"Column 7\",\"odbcPrecision\":512,\"label\":\"Column 7\"}]},\"tags\": []}"}},"data":"{\"cols\":[\"unique_row_identifier\",\"Column 1\",\"Column 2\",\"Column 3\",\"Column 4\",\"Column 5\",\"Column 6\",\"Column 7\"],\"rows\":[[50,\"AA\",\"AA\",\"Armed Forces Americas\",\"\",\"\",\"\",\"\"],[51,\"AE\",\"AE\",\"Armed Forces Europe Middle East and Canada\",\"\",\"\",\"\",\"\"],[52,\"AK\",\"AK\",\"Alaska\",\"\",\"\",\"\",\"\"],[53,\"AL\",\"AL\",\"Alabama\",\"\",\"\",\"\",\"\"],[54,\"AP\",\"AP\",\"Armed Forces Pacific\",\"\",\"\",\"\",\"\"],[55,\"AR\",\"AR\",\"Arkansas\",\"\",\"\",\"\",\"\"],[56,\"AS\",\"AS\",\"American Samoa\",\"\",\"\",\"\",\"\"],[57,\"AZ\",\"AZ\",\"Arizona\",\"\",\"\",\"\",\"\"],[58,\"CA\",\"CA\",\"California\",\"\",\"\",\"\",\"\"],[59,\"CO\",\"CO\",\"Colorado\",\"\",\"\",\"\",\"\"],[60,\"CT\",\"CT\",\"Connecticut\",\"\",\"\",\"\",\"\"],[61,\"DC\",\"DC\",\"District of Columbia\",\"DistrictofColumbia\",\"\",\"\",\"\"],[62,\"DE\",\"DE\",\"Delaware\",\"\",\"\",\"\",\"\"],[63,\"FL\",\"FL\",\"Florida\",\"\",\"\",\"\",\"\"],[64,\"FM\",\"FM\",\"Federated States of Micronesia\",\"\",\"\",\"\",\"\"],[65,\"GA\",\"GA\",\"Georgia\",\"\",\"\",\"\",\"\"],[66,\"GU\",\"GU\",\"Guam\",\"\",\"\",\"\",\"\"],[67,\"HI\",\"HI\",\"Hawaii\",\"\",\"\",\"\",\"\"],[68,\"IA\",\"IA\",\"Iowa\",\"\",\"\",\"\",\"\"],[69,\"ID\",\"ID\",\"Idaho\",\"\",\"\",\"\",\"\"],[70,\"IL\",\"IL\",\"Illinois\",\"\",\"\",\"\",\"\"],[71,\"IN\",\"IN\",\"Indiana\",\"\",\"\",\"\",\"\"],[72,\"KS\",\"KS\",\"Kansas\",\"\",\"\",\"\",\"\"],[73,\"KY\",\"KY\",\"Kentucky\",\"\",\"\",\"\",\"\"],[74,\"LA\",\"LA\",\"Louisiana\",\"\",\"\",\"\",\"\"],[75,\"MA\",\"MA\",\"Massachusetts\",\"\",\"\",\"\",\"\"],[76,\"MD\",\"MD\",\"Maryland\",\"\",\"\",\"\",\"\"],[77,\"ME\",\"ME\",\"Maine\",\"\",\"\",\"\",\"\"],[78,\"MH\",\"MH\",\"Marshall Islands\",\"\",\"\",\"\",\"\"],[79,\"MI\",\"MI\",\"Michigan\",\"\",\"\",\"\",\"\"],[80,\"MN\",\"MN\",\"Minnesota\",\"\",\"\",\"\",\"\"],[81,\"MO\",\"MO\",\"Missouri\",\"\",\"\",\"\",\"\"],[82,\"MP\",\"MP\",\"Northern Mariana Islands\",\"\",\"\",\"\",\"\"],[83,\"MS\",\"MS\",\"Mississippi\",\"\",\"\",\"\",\"\"],[84,\"MT\",\"MT\",\"Montana\",\"\",\"\",\"\",\"\"],[85,\"NC\",\"NC\",\"North Carolina\",\"\",\"\",\"\",\"\"],[86,\"ND\",\"ND\",\"North Dakota\",\"\",\"\",\"\",\"\"],[87,\"NE\",\"NE\",\"Nebraska\",\"\",\"\",\"\",\"\"],[88,\"NH\",\"NH\",\"New Hampshire\",\"\",\"\",\"\",\"\"],[89,\"NJ\",\"NJ\",\"New Jersey\",\"\",\"\",\"\",\"\"],[90,\"NM\",\"NM\",\"New Mexico\",\"\",\"\",\"\",\"\"],[91,\"NV\",\"NV\",\"Nevada\",\"\",\"\",\"\",\"\"],[92,\"NY\",\"NY\",\"New York\",\"NewYork\",\"\",\"\",\"\"],[93,\"OH\",\"OH\",\"Ohio\",\"\",\"\",\"\",\"\"],[94,\"OK\",\"OK\",\"Oklahoma\",\"\",\"\",\"\",\"\"],[95,\"OR\",\"OR\",\"Oregon\",\"\",\"\",\"\",\"\"],[96,\"PA\",\"PA\",\"Pennsylvania\",\"\",\"\",\"\",\"\"],[97,\"PR\",\"PR\",\"Puerto Rico\",\"\",\"\",\"\",\"\"],[98,\"PW\",\"PW\",\"Palau\",\"\",\"\",\"\",\"\"],[99,\"RI\",\"RI\",\"Rhode Island\",\"\",\"\",\"\",\"\"],[100,\"SC\",\"SC\",\"South Carolina\",\"\",\"\",\"\",\"\"],[101,\"SD\",\"SD\",\"South Dakota\",\"\",\"\",\"\",\"\"],[102,\"TN\",\"TN\",\"Tennessee\",\"\",\"\",\"\",\"\"],[103,\"TX\",\"TX\",\"Texas\",\"\",\"\",\"\",\"\"],[104,\"UT\",\"UT\",\"Utah\",\"\",\"\",\"\",\"\"],[105,\"VA\",\"VA\",\"Virginia\",\"\",\"\",\"\",\"\"],[106,\"VI\",\"VI\",\"Virgin Island\",\"\",\"\",\"\",\"\"],[107,\"VT\",\"VT\",\"Vermont\",\"\",\"\",\"\",\"\"],[108,\"WA\",\"WA\",\"Washington\",\"\",\"\",\"\",\"\"],[109,\"WI\",\"WI\",\"Wisconsin\",\"\",\"\",\"\",\"\"],[110,\"WV\",\"WV\",\"West Virginia\",\"\",\"\",\"\",\"\"],[111,\"WY\",\"WY\",\"Wyoming\",\"\",\"\",\"\",\"\"],[112,\"AB\",\"ALBERTA\",\"AB\",\"\",\"\",\"\",\"\"],[113,\"BC\",\"BRITISH COLUMBIA\",\"COLOMBIE-BRITANNIQUE\",\"BC\",\"\",\"\",\"\"],[114,\"MB\",\"MANITOBA\",\"MB\",\"\",\"\",\"\",\"\"],[115,\"NB\",\"NEW BRUNSWICK\",\"NOUVEUA BRUNSWICK\",\"NB\",\"\",\"\",\"\"],[116,\"NL\",\"NEWFOUNDLAND AND LABRADOR\",\"NF AND LAB\",\"NF & LAB\",\"TERRE-NEUVE ET LABRADOR\",\"NF\",\"NL\"],[117,\"NT\",\"NORTHWEST TERRITORY\",\"TERRITORIES DU NORD-OUEST\",\"NWT\",\"NT\",\"\",\"\"],[118,\"NS\",\"NOVA SCOTIA\",\"NOUVELLE-ECOSSE\",\"NS\",\"\",\"\",\"\"],[119,\"NU\",\"NUNAVUT\",\"NU\",\"\",\"\",\"\",\"\"],[120,\"ON\",\"ONTARIO\",\"ON\",\"\",\"\",\"\",\"\"],[121,\"PE\",\"PRINCE EDWARD ISLAND\",\"ILE-DU-PRINCE-EDWARD\",\"PEI\",\"PE\",\"\",\"\"],[122,\"QC\",\"QUEBEC\",\"PQ\",\"QC\",\"\",\"\",\"\"],[123,\"SK\",\"SASKATCHEWAN\",\"SK\",\"\",\"\",\"\",\"\"],[124,\"YT\",\"YUKON TERRITORY\",\"YUKON\",\"YT\",\"\",\"\",\"\"]]}"}